,atlas,classifier,compcor_10,compute_confounds,confounds,connectome_regress,dataset,dimensionality,iter_shuffle_split,measure,motion_regress,n_regions,scores,scoring,smoothing_fwhm
0,ward,svc_l1,yes,no,yes,no,adnidod,100,0,correlation,no,120,[ 0.69894737],roc_auc,6.0
1,ward,svc_l2,yes,no,yes,no,adnidod,100,0,correlation,no,120,[ 0.63578947],roc_auc,6.0
2,ward,ridge,yes,no,yes,no,adnidod,100,0,correlation,no,120,[ 0.62315789],roc_auc,6.0
3,ward,svc_l1,yes,no,yes,no,adnidod,100,0,partial correlation,no,120,[ 0.60631579],roc_auc,6.0
4,ward,svc_l2,yes,no,yes,no,adnidod,100,0,partial correlation,no,120,[ 0.72421053],roc_auc,6.0
5,ward,ridge,yes,no,yes,no,adnidod,100,0,partial correlation,no,120,[ 0.71578947],roc_auc,6.0
6,ward,svc_l1,yes,no,yes,no,adnidod,100,0,tangent,no,120,[ 0.70947368],roc_auc,6.0
7,ward,svc_l2,yes,no,yes,no,adnidod,100,0,tangent,no,120,[ 0.66947368],roc_auc,6.0
8,ward,ridge,yes,no,yes,no,adnidod,100,0,tangent,no,120,[ 0.66947368],roc_auc,6.0
9,ward,svc_l1,yes,no,yes,no,adnidod,100,1,correlation,no,120,[ 0.36764706],roc_auc,6.0
10,ward,svc_l2,yes,no,yes,no,adnidod,100,1,correlation,no,120,[ 0.38445378],roc_auc,6.0
11,ward,ridge,yes,no,yes,no,adnidod,100,1,correlation,no,120,[ 0.3907563],roc_auc,6.0
12,ward,svc_l1,yes,no,yes,no,adnidod,100,1,partial correlation,no,120,[ 0.56092437],roc_auc,6.0
13,ward,svc_l2,yes,no,yes,no,adnidod,100,1,partial correlation,no,120,[ 0.42857143],roc_auc,6.0
14,ward,ridge,yes,no,yes,no,adnidod,100,1,partial correlation,no,120,[ 0.42857143],roc_auc,6.0
15,ward,svc_l1,yes,no,yes,no,adnidod,100,1,tangent,no,120,[ 0.55882353],roc_auc,6.0
16,ward,svc_l2,yes,no,yes,no,adnidod,100,1,tangent,no,120,[ 0.38865546],roc_auc,6.0
17,ward,ridge,yes,no,yes,no,adnidod,100,1,tangent,no,120,[ 0.38865546],roc_auc,6.0
18,ward,svc_l1,yes,no,yes,no,adnidod,100,2,correlation,no,120,[ 0.52380952],roc_auc,6.0
19,ward,svc_l2,yes,no,yes,no,adnidod,100,2,correlation,no,120,[ 0.56140351],roc_auc,6.0
20,ward,ridge,yes,no,yes,no,adnidod,100,2,correlation,no,120,[ 0.55889724],roc_auc,6.0
21,ward,svc_l1,yes,no,yes,no,adnidod,100,2,partial correlation,no,120,[ 0.5839599],roc_auc,6.0
22,ward,svc_l2,yes,no,yes,no,adnidod,100,2,partial correlation,no,120,[ 0.81203008],roc_auc,6.0
23,ward,ridge,yes,no,yes,no,adnidod,100,2,partial correlation,no,120,[ 0.81203008],roc_auc,6.0
24,ward,svc_l1,yes,no,yes,no,adnidod,100,2,tangent,no,120,[ 0.6566416],roc_auc,6.0
25,ward,svc_l2,yes,no,yes,no,adnidod,100,2,tangent,no,120,[ 0.70676692],roc_auc,6.0
26,ward,ridge,yes,no,yes,no,adnidod,100,2,tangent,no,120,[ 0.70426065],roc_auc,6.0
27,ward,svc_l1,yes,no,yes,no,adnidod,100,3,correlation,no,120,[ 0.67800454],roc_auc,6.0
28,ward,svc_l2,yes,no,yes,no,adnidod,100,3,correlation,no,120,[ 0.72789116],roc_auc,6.0
29,ward,ridge,yes,no,yes,no,adnidod,100,3,correlation,no,120,[ 0.72789116],roc_auc,6.0
30,ward,svc_l1,yes,no,yes,no,adnidod,100,3,partial correlation,no,120,[ 0.43310658],roc_auc,6.0
31,ward,svc_l2,yes,no,yes,no,adnidod,100,3,partial correlation,no,120,[ 0.52834467],roc_auc,6.0
32,ward,ridge,yes,no,yes,no,adnidod,100,3,partial correlation,no,120,[ 0.52154195],roc_auc,6.0
33,ward,svc_l1,yes,no,yes,no,adnidod,100,3,tangent,no,120,[ 0.60090703],roc_auc,6.0
34,ward,svc_l2,yes,no,yes,no,adnidod,100,3,tangent,no,120,[ 0.63038549],roc_auc,6.0
35,ward,ridge,yes,no,yes,no,adnidod,100,3,tangent,no,120,[ 0.63945578],roc_auc,6.0
36,ward,svc_l1,yes,no,yes,no,adnidod,100,4,correlation,no,120,[ 0.47294118],roc_auc,6.0
37,ward,svc_l2,yes,no,yes,no,adnidod,100,4,correlation,no,120,[ 0.59529412],roc_auc,6.0
38,ward,ridge,yes,no,yes,no,adnidod,100,4,correlation,no,120,[ 0.57176471],roc_auc,6.0
39,ward,svc_l1,yes,no,yes,no,adnidod,100,4,partial correlation,no,120,[ 0.53882353],roc_auc,6.0
40,ward,svc_l2,yes,no,yes,no,adnidod,100,4,partial correlation,no,120,[ 0.69411765],roc_auc,6.0
41,ward,ridge,yes,no,yes,no,adnidod,100,4,partial correlation,no,120,[ 0.69176471],roc_auc,6.0
42,ward,svc_l1,yes,no,yes,no,adnidod,100,4,tangent,no,120,[ 0.65176471],roc_auc,6.0
43,ward,svc_l2,yes,no,yes,no,adnidod,100,4,tangent,no,120,[ 0.66117647],roc_auc,6.0
44,ward,ridge,yes,no,yes,no,adnidod,100,4,tangent,no,120,[ 0.66352941],roc_auc,6.0
45,ward,svc_l1,yes,no,yes,no,adnidod,100,5,correlation,no,120,[ 0.6291866],roc_auc,6.0
46,ward,svc_l2,yes,no,yes,no,adnidod,100,5,correlation,no,120,[ 0.62679426],roc_auc,6.0
47,ward,ridge,yes,no,yes,no,adnidod,100,5,correlation,no,120,[ 0.64354067],roc_auc,6.0
48,ward,svc_l1,yes,no,yes,no,adnidod,100,5,partial correlation,no,120,[ 0.62200957],roc_auc,6.0
49,ward,svc_l2,yes,no,yes,no,adnidod,100,5,partial correlation,no,120,[ 0.59090909],roc_auc,6.0
50,ward,ridge,yes,no,yes,no,adnidod,100,5,partial correlation,no,120,[ 0.59090909],roc_auc,6.0
51,ward,svc_l1,yes,no,yes,no,adnidod,100,5,tangent,no,120,[ 0.48086124],roc_auc,6.0
52,ward,svc_l2,yes,no,yes,no,adnidod,100,5,tangent,no,120,[ 0.5861244],roc_auc,6.0
53,ward,ridge,yes,no,yes,no,adnidod,100,5,tangent,no,120,[ 0.59330144],roc_auc,6.0
54,ward,svc_l1,yes,no,yes,no,adnidod,100,6,correlation,no,120,[ 0.53561254],roc_auc,6.0
55,ward,svc_l2,yes,no,yes,no,adnidod,100,6,correlation,no,120,[ 0.65811966],roc_auc,6.0
56,ward,ridge,yes,no,yes,no,adnidod,100,6,correlation,no,120,[ 0.62393162],roc_auc,6.0
57,ward,svc_l1,yes,no,yes,no,adnidod,100,6,partial correlation,no,120,[ 0.54985755],roc_auc,6.0
58,ward,svc_l2,yes,no,yes,no,adnidod,100,6,partial correlation,no,120,[ 0.67806268],roc_auc,6.0
59,ward,ridge,yes,no,yes,no,adnidod,100,6,partial correlation,no,120,[ 0.67806268],roc_auc,6.0
60,ward,svc_l1,yes,no,yes,no,adnidod,100,6,tangent,no,120,[ 0.45584046],roc_auc,6.0
61,ward,svc_l2,yes,no,yes,no,adnidod,100,6,tangent,no,120,[ 0.68376068],roc_auc,6.0
62,ward,ridge,yes,no,yes,no,adnidod,100,6,tangent,no,120,[ 0.68376068],roc_auc,6.0
63,ward,svc_l1,yes,no,yes,no,adnidod,100,7,correlation,no,120,[ 0.59903382],roc_auc,6.0
64,ward,svc_l2,yes,no,yes,no,adnidod,100,7,correlation,no,120,[ 0.57004831],roc_auc,6.0
65,ward,ridge,yes,no,yes,no,adnidod,100,7,correlation,no,120,[ 0.59178744],roc_auc,6.0
66,ward,svc_l1,yes,no,yes,no,adnidod,100,7,partial correlation,no,120,[ 0.72222222],roc_auc,6.0
67,ward,svc_l2,yes,no,yes,no,adnidod,100,7,partial correlation,no,120,[ 0.71980676],roc_auc,6.0
68,ward,ridge,yes,no,yes,no,adnidod,100,7,partial correlation,no,120,[ 0.7173913],roc_auc,6.0
69,ward,svc_l1,yes,no,yes,no,adnidod,100,7,tangent,no,120,[ 0.69806763],roc_auc,6.0
70,ward,svc_l2,yes,no,yes,no,adnidod,100,7,tangent,no,120,[ 0.72222222],roc_auc,6.0
71,ward,ridge,yes,no,yes,no,adnidod,100,7,tangent,no,120,[ 0.72463768],roc_auc,6.0
72,ward,svc_l1,yes,no,yes,no,adnidod,100,8,correlation,no,120,[ 0.69063181],roc_auc,6.0
73,ward,svc_l2,yes,no,yes,no,adnidod,100,8,correlation,no,120,[ 0.61437908],roc_auc,6.0
74,ward,ridge,yes,no,yes,no,adnidod,100,8,correlation,no,120,[ 0.60566449],roc_auc,6.0
75,ward,svc_l1,yes,no,yes,no,adnidod,100,8,partial correlation,no,120,[ 0.52505447],roc_auc,6.0
76,ward,svc_l2,yes,no,yes,no,adnidod,100,8,partial correlation,no,120,[ 0.56427015],roc_auc,6.0
77,ward,ridge,yes,no,yes,no,adnidod,100,8,partial correlation,no,120,[ 0.5620915],roc_auc,6.0
78,ward,svc_l1,yes,no,yes,no,adnidod,100,8,tangent,no,120,[ 0.70152505],roc_auc,6.0
79,ward,svc_l2,yes,no,yes,no,adnidod,100,8,tangent,no,120,[ 0.7037037],roc_auc,6.0
80,ward,ridge,yes,no,yes,no,adnidod,100,8,tangent,no,120,[ 0.70588235],roc_auc,6.0
81,ward,svc_l1,yes,no,yes,no,adnidod,100,9,correlation,no,120,[ 0.55451128],roc_auc,6.0
82,ward,svc_l2,yes,no,yes,no,adnidod,100,9,correlation,no,120,[ 0.51879699],roc_auc,6.0
83,ward,ridge,yes,no,yes,no,adnidod,100,9,correlation,no,120,[ 0.52067669],roc_auc,6.0
84,ward,svc_l1,yes,no,yes,no,adnidod,100,9,partial correlation,no,120,[ 0.57706767],roc_auc,6.0
85,ward,svc_l2,yes,no,yes,no,adnidod,100,9,partial correlation,no,120,[ 0.65037594],roc_auc,6.0
86,ward,ridge,yes,no,yes,no,adnidod,100,9,partial correlation,no,120,[ 0.64661654],roc_auc,6.0
87,ward,svc_l1,yes,no,yes,no,adnidod,100,9,tangent,no,120,[ 0.71052632],roc_auc,6.0
88,ward,svc_l2,yes,no,yes,no,adnidod,100,9,tangent,no,120,[ 0.70112782],roc_auc,6.0
89,ward,ridge,yes,no,yes,no,adnidod,100,9,tangent,no,120,[ 0.70676692],roc_auc,6.0
90,ward,svc_l1,yes,no,yes,no,adnidod,100,10,correlation,no,120,[ 0.60371517],roc_auc,6.0
91,ward,svc_l2,yes,no,yes,no,adnidod,100,10,correlation,no,120,[ 0.64705882],roc_auc,6.0
92,ward,ridge,yes,no,yes,no,adnidod,100,10,correlation,no,120,[ 0.65634675],roc_auc,6.0
93,ward,svc_l1,yes,no,yes,no,adnidod,100,10,partial correlation,no,120,[ 0.44272446],roc_auc,6.0
94,ward,svc_l2,yes,no,yes,no,adnidod,100,10,partial correlation,no,120,[ 0.7120743],roc_auc,6.0
95,ward,ridge,yes,no,yes,no,adnidod,100,10,partial correlation,no,120,[ 0.7120743],roc_auc,6.0
96,ward,svc_l1,yes,no,yes,no,adnidod,100,10,tangent,no,120,[ 0.54489164],roc_auc,6.0
97,ward,svc_l2,yes,no,yes,no,adnidod,100,10,tangent,no,120,[ 0.76470588],roc_auc,6.0
98,ward,ridge,yes,no,yes,no,adnidod,100,10,tangent,no,120,[ 0.76470588],roc_auc,6.0
99,ward,svc_l1,yes,no,yes,no,adnidod,100,11,correlation,no,120,[ 0.6969697],roc_auc,6.0
100,ward,svc_l2,yes,no,yes,no,adnidod,100,11,correlation,no,120,[ 0.7012987],roc_auc,6.0
101,ward,ridge,yes,no,yes,no,adnidod,100,11,correlation,no,120,[ 0.65367965],roc_auc,6.0
102,ward,svc_l1,yes,no,yes,no,adnidod,100,11,partial correlation,no,120,[ 0.46320346],roc_auc,6.0
103,ward,svc_l2,yes,no,yes,no,adnidod,100,11,partial correlation,no,120,[ 0.68614719],roc_auc,6.0
104,ward,ridge,yes,no,yes,no,adnidod,100,11,partial correlation,no,120,[ 0.68614719],roc_auc,6.0
105,ward,svc_l1,yes,no,yes,no,adnidod,100,11,tangent,no,120,[ 0.63419913],roc_auc,6.0
106,ward,svc_l2,yes,no,yes,no,adnidod,100,11,tangent,no,120,[ 0.67965368],roc_auc,6.0
107,ward,ridge,yes,no,yes,no,adnidod,100,11,tangent,no,120,[ 0.67532468],roc_auc,6.0
108,ward,svc_l1,yes,no,yes,no,adnidod,100,12,correlation,no,120,[ 0.555],roc_auc,6.0
109,ward,svc_l2,yes,no,yes,no,adnidod,100,12,correlation,no,120,[ 0.525],roc_auc,6.0
110,ward,ridge,yes,no,yes,no,adnidod,100,12,correlation,no,120,[ 0.5075],roc_auc,6.0
111,ward,svc_l1,yes,no,yes,no,adnidod,100,12,partial correlation,no,120,[ 0.5625],roc_auc,6.0
112,ward,svc_l2,yes,no,yes,no,adnidod,100,12,partial correlation,no,120,[ 0.5925],roc_auc,6.0
113,ward,ridge,yes,no,yes,no,adnidod,100,12,partial correlation,no,120,[ 0.595],roc_auc,6.0
114,ward,svc_l1,yes,no,yes,no,adnidod,100,12,tangent,no,120,[ 0.425],roc_auc,6.0
115,ward,svc_l2,yes,no,yes,no,adnidod,100,12,tangent,no,120,[ 0.5375],roc_auc,6.0
116,ward,ridge,yes,no,yes,no,adnidod,100,12,tangent,no,120,[ 0.5375],roc_auc,6.0
117,ward,svc_l1,yes,no,yes,no,adnidod,100,13,correlation,no,120,[ 0.74637681],roc_auc,6.0
118,ward,svc_l2,yes,no,yes,no,adnidod,100,13,correlation,no,120,[ 0.69323671],roc_auc,6.0
119,ward,ridge,yes,no,yes,no,adnidod,100,13,correlation,no,120,[ 0.68357488],roc_auc,6.0
120,ward,svc_l1,yes,no,yes,no,adnidod,100,13,partial correlation,no,120,[ 0.54589372],roc_auc,6.0
121,ward,svc_l2,yes,no,yes,no,adnidod,100,13,partial correlation,no,120,[ 0.70531401],roc_auc,6.0
122,ward,ridge,yes,no,yes,no,adnidod,100,13,partial correlation,no,120,[ 0.70772947],roc_auc,6.0
123,ward,svc_l1,yes,no,yes,no,adnidod,100,13,tangent,no,120,[ 0.48309179],roc_auc,6.0
124,ward,svc_l2,yes,no,yes,no,adnidod,100,13,tangent,no,120,[ 0.74396135],roc_auc,6.0
125,ward,ridge,yes,no,yes,no,adnidod,100,13,tangent,no,120,[ 0.74154589],roc_auc,6.0
126,ward,svc_l1,yes,no,yes,no,adnidod,100,14,correlation,no,120,[ 0.45268542],roc_auc,6.0
127,ward,svc_l2,yes,no,yes,no,adnidod,100,14,correlation,no,120,[ 0.54987212],roc_auc,6.0
128,ward,ridge,yes,no,yes,no,adnidod,100,14,correlation,no,120,[ 0.54731458],roc_auc,6.0
129,ward,svc_l1,yes,no,yes,no,adnidod,100,14,partial correlation,no,120,[ 0.58823529],roc_auc,6.0
130,ward,svc_l2,yes,no,yes,no,adnidod,100,14,partial correlation,no,120,[ 0.49872123],roc_auc,6.0
131,ward,ridge,yes,no,yes,no,adnidod,100,14,partial correlation,no,120,[ 0.50383632],roc_auc,6.0
132,ward,svc_l1,yes,no,yes,no,adnidod,100,14,tangent,no,120,[ 0.48081841],roc_auc,6.0
133,ward,svc_l2,yes,no,yes,no,adnidod,100,14,tangent,no,120,[ 0.62148338],roc_auc,6.0
134,ward,ridge,yes,no,yes,no,adnidod,100,14,tangent,no,120,[ 0.62148338],roc_auc,6.0
135,ward,svc_l1,yes,no,yes,no,adnidod,100,15,correlation,no,120,[ 0.58730159],roc_auc,6.0
136,ward,svc_l2,yes,no,yes,no,adnidod,100,15,correlation,no,120,[ 0.70238095],roc_auc,6.0
137,ward,ridge,yes,no,yes,no,adnidod,100,15,correlation,no,120,[ 0.70039683],roc_auc,6.0
138,ward,svc_l1,yes,no,yes,no,adnidod,100,15,partial correlation,no,120,[ 0.52579365],roc_auc,6.0
139,ward,svc_l2,yes,no,yes,no,adnidod,100,15,partial correlation,no,120,[ 0.61904762],roc_auc,6.0
140,ward,ridge,yes,no,yes,no,adnidod,100,15,partial correlation,no,120,[ 0.625],roc_auc,6.0
141,ward,svc_l1,yes,no,yes,no,adnidod,100,15,tangent,no,120,[ 0.70436508],roc_auc,6.0
142,ward,svc_l2,yes,no,yes,no,adnidod,100,15,tangent,no,120,[ 0.67261905],roc_auc,6.0
143,ward,ridge,yes,no,yes,no,adnidod,100,15,tangent,no,120,[ 0.66865079],roc_auc,6.0
144,ward,svc_l1,yes,no,yes,no,adnidod,100,16,correlation,no,120,[ 0.538],roc_auc,6.0
145,ward,svc_l2,yes,no,yes,no,adnidod,100,16,correlation,no,120,[ 0.724],roc_auc,6.0
146,ward,ridge,yes,no,yes,no,adnidod,100,16,correlation,no,120,[ 0.696],roc_auc,6.0
147,ward,svc_l1,yes,no,yes,no,adnidod,100,16,partial correlation,no,120,[ 0.486],roc_auc,6.0
148,ward,svc_l2,yes,no,yes,no,adnidod,100,16,partial correlation,no,120,[ 0.568],roc_auc,6.0
149,ward,ridge,yes,no,yes,no,adnidod,100,16,partial correlation,no,120,[ 0.572],roc_auc,6.0
150,ward,svc_l1,yes,no,yes,no,adnidod,100,16,tangent,no,120,[ 0.594],roc_auc,6.0
151,ward,svc_l2,yes,no,yes,no,adnidod,100,16,tangent,no,120,[ 0.584],roc_auc,6.0
152,ward,ridge,yes,no,yes,no,adnidod,100,16,tangent,no,120,[ 0.576],roc_auc,6.0
153,ward,svc_l1,yes,no,yes,no,adnidod,100,17,correlation,no,120,[ 0.59157895],roc_auc,6.0
154,ward,svc_l2,yes,no,yes,no,adnidod,100,17,correlation,no,120,[ 0.66736842],roc_auc,6.0
155,ward,ridge,yes,no,yes,no,adnidod,100,17,correlation,no,120,[ 0.62315789],roc_auc,6.0
156,ward,svc_l1,yes,no,yes,no,adnidod,100,17,partial correlation,no,120,[ 0.50105263],roc_auc,6.0
157,ward,svc_l2,yes,no,yes,no,adnidod,100,17,partial correlation,no,120,[ 0.75368421],roc_auc,6.0
158,ward,ridge,yes,no,yes,no,adnidod,100,17,partial correlation,no,120,[ 0.75789474],roc_auc,6.0
159,ward,svc_l1,yes,no,yes,no,adnidod,100,17,tangent,no,120,[ 0.58736842],roc_auc,6.0
160,ward,svc_l2,yes,no,yes,no,adnidod,100,17,tangent,no,120,[ 0.71368421],roc_auc,6.0
161,ward,ridge,yes,no,yes,no,adnidod,100,17,tangent,no,120,[ 0.70947368],roc_auc,6.0
162,ward,svc_l1,yes,no,yes,no,adnidod,100,18,correlation,no,120,[ 0.54545455],roc_auc,6.0
163,ward,svc_l2,yes,no,yes,no,adnidod,100,18,correlation,no,120,[ 0.52371542],roc_auc,6.0
164,ward,ridge,yes,no,yes,no,adnidod,100,18,correlation,no,120,[ 0.51581028],roc_auc,6.0
165,ward,svc_l1,yes,no,yes,no,adnidod,100,18,partial correlation,no,120,[ 0.47826087],roc_auc,6.0
166,ward,svc_l2,yes,no,yes,no,adnidod,100,18,partial correlation,no,120,[ 0.55928854],roc_auc,6.0
167,ward,ridge,yes,no,yes,no,adnidod,100,18,partial correlation,no,120,[ 0.55928854],roc_auc,6.0
168,ward,svc_l1,yes,no,yes,no,adnidod,100,18,tangent,no,120,[ 0.45256917],roc_auc,6.0
169,ward,svc_l2,yes,no,yes,no,adnidod,100,18,tangent,no,120,[ 0.58498024],roc_auc,6.0
170,ward,ridge,yes,no,yes,no,adnidod,100,18,tangent,no,120,[ 0.58102767],roc_auc,6.0
171,ward,svc_l1,yes,no,yes,no,adnidod,100,19,correlation,no,120,[ 0.52210526],roc_auc,6.0
172,ward,svc_l2,yes,no,yes,no,adnidod,100,19,correlation,no,120,[ 0.72],roc_auc,6.0
173,ward,ridge,yes,no,yes,no,adnidod,100,19,correlation,no,120,[ 0.68842105],roc_auc,6.0
174,ward,svc_l1,yes,no,yes,no,adnidod,100,19,partial correlation,no,120,[ 0.50526316],roc_auc,6.0
175,ward,svc_l2,yes,no,yes,no,adnidod,100,19,partial correlation,no,120,[ 0.60631579],roc_auc,6.0
176,ward,ridge,yes,no,yes,no,adnidod,100,19,partial correlation,no,120,[ 0.60421053],roc_auc,6.0
177,ward,svc_l1,yes,no,yes,no,adnidod,100,19,tangent,no,120,[ 0.48631579],roc_auc,6.0
178,ward,svc_l2,yes,no,yes,no,adnidod,100,19,tangent,no,120,[ 0.62736842],roc_auc,6.0
179,ward,ridge,yes,no,yes,no,adnidod,100,19,tangent,no,120,[ 0.62947368],roc_auc,6.0
180,ward,svc_l1,yes,no,yes,no,adnidod,100,20,correlation,no,120,[ 0.67173913],roc_auc,6.0
181,ward,svc_l2,yes,no,yes,no,adnidod,100,20,correlation,no,120,[ 0.63913043],roc_auc,6.0
182,ward,ridge,yes,no,yes,no,adnidod,100,20,correlation,no,120,[ 0.64347826],roc_auc,6.0
183,ward,svc_l1,yes,no,yes,no,adnidod,100,20,partial correlation,no,120,[ 0.59565217],roc_auc,6.0
184,ward,svc_l2,yes,no,yes,no,adnidod,100,20,partial correlation,no,120,[ 0.65869565],roc_auc,6.0
185,ward,ridge,yes,no,yes,no,adnidod,100,20,partial correlation,no,120,[ 0.65652174],roc_auc,6.0
186,ward,svc_l1,yes,no,yes,no,adnidod,100,20,tangent,no,120,[ 0.54565217],roc_auc,6.0
187,ward,svc_l2,yes,no,yes,no,adnidod,100,20,tangent,no,120,[ 0.72173913],roc_auc,6.0
188,ward,ridge,yes,no,yes,no,adnidod,100,20,tangent,no,120,[ 0.71521739],roc_auc,6.0
189,ward,svc_l1,yes,no,yes,no,adnidod,100,21,correlation,no,120,[ 0.47294118],roc_auc,6.0
190,ward,svc_l2,yes,no,yes,no,adnidod,100,21,correlation,no,120,[ 0.57647059],roc_auc,6.0
191,ward,ridge,yes,no,yes,no,adnidod,100,21,correlation,no,120,[ 0.58588235],roc_auc,6.0
192,ward,svc_l1,yes,no,yes,no,adnidod,100,21,partial correlation,no,120,[ 0.61882353],roc_auc,6.0
193,ward,svc_l2,yes,no,yes,no,adnidod,100,21,partial correlation,no,120,[ 0.69647059],roc_auc,6.0
194,ward,ridge,yes,no,yes,no,adnidod,100,21,partial correlation,no,120,[ 0.69882353],roc_auc,6.0
195,ward,svc_l1,yes,no,yes,no,adnidod,100,21,tangent,no,120,[ 0.60470588],roc_auc,6.0
196,ward,svc_l2,yes,no,yes,no,adnidod,100,21,tangent,no,120,[ 0.71058824],roc_auc,6.0
197,ward,ridge,yes,no,yes,no,adnidod,100,21,tangent,no,120,[ 0.71058824],roc_auc,6.0
198,ward,svc_l1,yes,no,yes,no,adnidod,100,22,correlation,no,120,[ 0.48529412],roc_auc,6.0
199,ward,svc_l2,yes,no,yes,no,adnidod,100,22,correlation,no,120,[ 0.67892157],roc_auc,6.0
200,ward,ridge,yes,no,yes,no,adnidod,100,22,correlation,no,120,[ 0.62745098],roc_auc,6.0
201,ward,svc_l1,yes,no,yes,no,adnidod,100,22,partial correlation,no,120,[ 0.6372549],roc_auc,6.0
202,ward,svc_l2,yes,no,yes,no,adnidod,100,22,partial correlation,no,120,[ 0.75],roc_auc,6.0
203,ward,ridge,yes,no,yes,no,adnidod,100,22,partial correlation,no,120,[ 0.75245098],roc_auc,6.0
204,ward,svc_l1,yes,no,yes,no,adnidod,100,22,tangent,no,120,[ 0.74019608],roc_auc,6.0
205,ward,svc_l2,yes,no,yes,no,adnidod,100,22,tangent,no,120,[ 0.74264706],roc_auc,6.0
206,ward,ridge,yes,no,yes,no,adnidod,100,22,tangent,no,120,[ 0.74019608],roc_auc,6.0
207,ward,svc_l1,yes,no,yes,no,adnidod,100,23,correlation,no,120,[ 0.63333333],roc_auc,6.0
208,ward,svc_l2,yes,no,yes,no,adnidod,100,23,correlation,no,120,[ 0.62],roc_auc,6.0
209,ward,ridge,yes,no,yes,no,adnidod,100,23,correlation,no,120,[ 0.59333333],roc_auc,6.0
210,ward,svc_l1,yes,no,yes,no,adnidod,100,23,partial correlation,no,120,[ 0.59111111],roc_auc,6.0
211,ward,svc_l2,yes,no,yes,no,adnidod,100,23,partial correlation,no,120,[ 0.63111111],roc_auc,6.0
212,ward,ridge,yes,no,yes,no,adnidod,100,23,partial correlation,no,120,[ 0.63555556],roc_auc,6.0
213,ward,svc_l1,yes,no,yes,no,adnidod,100,23,tangent,no,120,[ 0.54888889],roc_auc,6.0
214,ward,svc_l2,yes,no,yes,no,adnidod,100,23,tangent,no,120,[ 0.62222222],roc_auc,6.0
215,ward,ridge,yes,no,yes,no,adnidod,100,23,tangent,no,120,[ 0.61777778],roc_auc,6.0
216,ward,svc_l1,yes,no,yes,no,adnidod,100,24,correlation,no,120,[ 0.70052083],roc_auc,6.0
217,ward,svc_l2,yes,no,yes,no,adnidod,100,24,correlation,no,120,[ 0.68229167],roc_auc,6.0
218,ward,ridge,yes,no,yes,no,adnidod,100,24,correlation,no,120,[ 0.72916667],roc_auc,6.0
219,ward,svc_l1,yes,no,yes,no,adnidod,100,24,partial correlation,no,120,[ 0.5703125],roc_auc,6.0
220,ward,svc_l2,yes,no,yes,no,adnidod,100,24,partial correlation,no,120,[ 0.63541667],roc_auc,6.0
221,ward,ridge,yes,no,yes,no,adnidod,100,24,partial correlation,no,120,[ 0.63541667],roc_auc,6.0
222,ward,svc_l1,yes,no,yes,no,adnidod,100,24,tangent,no,120,[ 0.625],roc_auc,6.0
223,ward,svc_l2,yes,no,yes,no,adnidod,100,24,tangent,no,120,[ 0.69010417],roc_auc,6.0
224,ward,ridge,yes,no,yes,no,adnidod,100,24,tangent,no,120,[ 0.69010417],roc_auc,6.0
225,ward,svc_l1,yes,no,yes,no,adnidod,100,25,correlation,no,120,[ 0.57638889],roc_auc,6.0
226,ward,svc_l2,yes,no,yes,no,adnidod,100,25,correlation,no,120,[ 0.60185185],roc_auc,6.0
227,ward,ridge,yes,no,yes,no,adnidod,100,25,correlation,no,120,[ 0.5787037],roc_auc,6.0
228,ward,svc_l1,yes,no,yes,no,adnidod,100,25,partial correlation,no,120,[ 0.64351852],roc_auc,6.0
229,ward,svc_l2,yes,no,yes,no,adnidod,100,25,partial correlation,no,120,[ 0.74537037],roc_auc,6.0
230,ward,ridge,yes,no,yes,no,adnidod,100,25,partial correlation,no,120,[ 0.74768519],roc_auc,6.0
231,ward,svc_l1,yes,no,yes,no,adnidod,100,25,tangent,no,120,[ 0.59953704],roc_auc,6.0
232,ward,svc_l2,yes,no,yes,no,adnidod,100,25,tangent,no,120,[ 0.66898148],roc_auc,6.0
233,ward,ridge,yes,no,yes,no,adnidod,100,25,tangent,no,120,[ 0.66898148],roc_auc,6.0
234,ward,svc_l1,yes,no,yes,no,adnidod,100,26,correlation,no,120,[ 0.53416149],roc_auc,6.0
235,ward,svc_l2,yes,no,yes,no,adnidod,100,26,correlation,no,120,[ 0.58178054],roc_auc,6.0
236,ward,ridge,yes,no,yes,no,adnidod,100,26,correlation,no,120,[ 0.58178054],roc_auc,6.0
237,ward,svc_l1,yes,no,yes,no,adnidod,100,26,partial correlation,no,120,[ 0.56521739],roc_auc,6.0
238,ward,svc_l2,yes,no,yes,no,adnidod,100,26,partial correlation,no,120,[ 0.62318841],roc_auc,6.0
239,ward,ridge,yes,no,yes,no,adnidod,100,26,partial correlation,no,120,[ 0.62318841],roc_auc,6.0
240,ward,svc_l1,yes,no,yes,no,adnidod,100,26,tangent,no,120,[ 0.53623188],roc_auc,6.0
241,ward,svc_l2,yes,no,yes,no,adnidod,100,26,tangent,no,120,[ 0.6873706],roc_auc,6.0
242,ward,ridge,yes,no,yes,no,adnidod,100,26,tangent,no,120,[ 0.68322981],roc_auc,6.0
243,ward,svc_l1,yes,no,yes,no,adnidod,100,27,correlation,no,120,[ 0.4375],roc_auc,6.0
244,ward,svc_l2,yes,no,yes,no,adnidod,100,27,correlation,no,120,[ 0.54261364],roc_auc,6.0
245,ward,ridge,yes,no,yes,no,adnidod,100,27,correlation,no,120,[ 0.53977273],roc_auc,6.0
246,ward,svc_l1,yes,no,yes,no,adnidod,100,27,partial correlation,no,120,[ 0.28977273],roc_auc,6.0
247,ward,svc_l2,yes,no,yes,no,adnidod,100,27,partial correlation,no,120,[ 0.50852273],roc_auc,6.0
248,ward,ridge,yes,no,yes,no,adnidod,100,27,partial correlation,no,120,[ 0.51136364],roc_auc,6.0
249,ward,svc_l1,yes,no,yes,no,adnidod,100,27,tangent,no,120,[ 0.44886364],roc_auc,6.0
250,ward,svc_l2,yes,no,yes,no,adnidod,100,27,tangent,no,120,[ 0.51420455],roc_auc,6.0
251,ward,ridge,yes,no,yes,no,adnidod,100,27,tangent,no,120,[ 0.52556818],roc_auc,6.0
252,ward,svc_l1,yes,no,yes,no,adnidod,100,28,correlation,no,120,[ 0.5975],roc_auc,6.0
253,ward,svc_l2,yes,no,yes,no,adnidod,100,28,correlation,no,120,[ 0.6825],roc_auc,6.0
254,ward,ridge,yes,no,yes,no,adnidod,100,28,correlation,no,120,[ 0.6725],roc_auc,6.0
255,ward,svc_l1,yes,no,yes,no,adnidod,100,28,partial correlation,no,120,[ 0.5675],roc_auc,6.0
256,ward,svc_l2,yes,no,yes,no,adnidod,100,28,partial correlation,no,120,[ 0.5175],roc_auc,6.0
257,ward,ridge,yes,no,yes,no,adnidod,100,28,partial correlation,no,120,[ 0.5225],roc_auc,6.0
258,ward,svc_l1,yes,no,yes,no,adnidod,100,28,tangent,no,120,[ 0.57],roc_auc,6.0
259,ward,svc_l2,yes,no,yes,no,adnidod,100,28,tangent,no,120,[ 0.6075],roc_auc,6.0
260,ward,ridge,yes,no,yes,no,adnidod,100,28,tangent,no,120,[ 0.6075],roc_auc,6.0
261,ward,svc_l1,yes,no,yes,no,adnidod,100,29,correlation,no,120,[ 0.59498208],roc_auc,6.0
262,ward,svc_l2,yes,no,yes,no,adnidod,100,29,correlation,no,120,[ 0.68817204],roc_auc,6.0
263,ward,ridge,yes,no,yes,no,adnidod,100,29,correlation,no,120,[ 0.6702509],roc_auc,6.0
264,ward,svc_l1,yes,no,yes,no,adnidod,100,29,partial correlation,no,120,[ 0.54480287],roc_auc,6.0
265,ward,svc_l2,yes,no,yes,no,adnidod,100,29,partial correlation,no,120,[ 0.60573477],roc_auc,6.0
266,ward,ridge,yes,no,yes,no,adnidod,100,29,partial correlation,no,120,[ 0.60573477],roc_auc,6.0
267,ward,svc_l1,yes,no,yes,no,adnidod,100,29,tangent,no,120,[ 0.4516129],roc_auc,6.0
268,ward,svc_l2,yes,no,yes,no,adnidod,100,29,tangent,no,120,[ 0.55555556],roc_auc,6.0
269,ward,ridge,yes,no,yes,no,adnidod,100,29,tangent,no,120,[ 0.55555556],roc_auc,6.0
270,ward,svc_l1,yes,no,yes,no,adnidod,100,30,correlation,no,120,[ 0.65668203],roc_auc,6.0
271,ward,svc_l2,yes,no,yes,no,adnidod,100,30,correlation,no,120,[ 0.68663594],roc_auc,6.0
272,ward,ridge,yes,no,yes,no,adnidod,100,30,correlation,no,120,[ 0.6797235],roc_auc,6.0
273,ward,svc_l1,yes,no,yes,no,adnidod,100,30,partial correlation,no,120,[ 0.67050691],roc_auc,6.0
274,ward,svc_l2,yes,no,yes,no,adnidod,100,30,partial correlation,no,120,[ 0.68894009],roc_auc,6.0
275,ward,ridge,yes,no,yes,no,adnidod,100,30,partial correlation,no,120,[ 0.68894009],roc_auc,6.0
276,ward,svc_l1,yes,no,yes,no,adnidod,100,30,tangent,no,120,[ 0.59447005],roc_auc,6.0
277,ward,svc_l2,yes,no,yes,no,adnidod,100,30,tangent,no,120,[ 0.64746544],roc_auc,6.0
278,ward,ridge,yes,no,yes,no,adnidod,100,30,tangent,no,120,[ 0.64746544],roc_auc,6.0
279,ward,svc_l1,yes,no,yes,no,adnidod,100,31,correlation,no,120,[ 0.48888889],roc_auc,6.0
280,ward,svc_l2,yes,no,yes,no,adnidod,100,31,correlation,no,120,[ 0.45555556],roc_auc,6.0
281,ward,ridge,yes,no,yes,no,adnidod,100,31,correlation,no,120,[ 0.47333333],roc_auc,6.0
282,ward,svc_l1,yes,no,yes,no,adnidod,100,31,partial correlation,no,120,[ 0.57333333],roc_auc,6.0
283,ward,svc_l2,yes,no,yes,no,adnidod,100,31,partial correlation,no,120,[ 0.47111111],roc_auc,6.0
284,ward,ridge,yes,no,yes,no,adnidod,100,31,partial correlation,no,120,[ 0.47111111],roc_auc,6.0
285,ward,svc_l1,yes,no,yes,no,adnidod,100,31,tangent,no,120,[ 0.34666667],roc_auc,6.0
286,ward,svc_l2,yes,no,yes,no,adnidod,100,31,tangent,no,120,[ 0.49777778],roc_auc,6.0
287,ward,ridge,yes,no,yes,no,adnidod,100,31,tangent,no,120,[ 0.49777778],roc_auc,6.0
288,ward,svc_l1,yes,no,yes,no,adnidod,100,32,correlation,no,120,[ 0.49431818],roc_auc,6.0
289,ward,svc_l2,yes,no,yes,no,adnidod,100,32,correlation,no,120,[ 0.52083333],roc_auc,6.0
290,ward,ridge,yes,no,yes,no,adnidod,100,32,correlation,no,120,[ 0.50757576],roc_auc,6.0
291,ward,svc_l1,yes,no,yes,no,adnidod,100,32,partial correlation,no,120,[ 0.46780303],roc_auc,6.0
292,ward,svc_l2,yes,no,yes,no,adnidod,100,32,partial correlation,no,120,[ 0.60606061],roc_auc,6.0
293,ward,ridge,yes,no,yes,no,adnidod,100,32,partial correlation,no,120,[ 0.60606061],roc_auc,6.0
294,ward,svc_l1,yes,no,yes,no,adnidod,100,32,tangent,no,120,[ 0.47159091],roc_auc,6.0
295,ward,svc_l2,yes,no,yes,no,adnidod,100,32,tangent,no,120,[ 0.58143939],roc_auc,6.0
296,ward,ridge,yes,no,yes,no,adnidod,100,32,tangent,no,120,[ 0.58522727],roc_auc,6.0
297,ward,svc_l1,yes,no,yes,no,adnidod,100,33,correlation,no,120,[ 0.71363636],roc_auc,6.0
298,ward,svc_l2,yes,no,yes,no,adnidod,100,33,correlation,no,120,[ 0.80681818],roc_auc,6.0
299,ward,ridge,yes,no,yes,no,adnidod,100,33,correlation,no,120,[ 0.79545455],roc_auc,6.0
300,ward,svc_l1,yes,no,yes,no,adnidod,100,33,partial correlation,no,120,[ 0.49545455],roc_auc,6.0
301,ward,svc_l2,yes,no,yes,no,adnidod,100,33,partial correlation,no,120,[ 0.63181818],roc_auc,6.0
302,ward,ridge,yes,no,yes,no,adnidod,100,33,partial correlation,no,120,[ 0.63409091],roc_auc,6.0
303,ward,svc_l1,yes,no,yes,no,adnidod,100,33,tangent,no,120,[ 0.44090909],roc_auc,6.0
304,ward,svc_l2,yes,no,yes,no,adnidod,100,33,tangent,no,120,[ 0.66136364],roc_auc,6.0
305,ward,ridge,yes,no,yes,no,adnidod,100,33,tangent,no,120,[ 0.66590909],roc_auc,6.0
306,ward,svc_l1,yes,no,yes,no,adnidod,100,34,correlation,no,120,[ 0.63221154],roc_auc,6.0
307,ward,svc_l2,yes,no,yes,no,adnidod,100,34,correlation,no,120,[ 0.58173077],roc_auc,6.0
308,ward,ridge,yes,no,yes,no,adnidod,100,34,correlation,no,120,[ 0.56490385],roc_auc,6.0
309,ward,svc_l1,yes,no,yes,no,adnidod,100,34,partial correlation,no,120,[ 0.41826923],roc_auc,6.0
310,ward,svc_l2,yes,no,yes,no,adnidod,100,34,partial correlation,no,120,[ 0.53365385],roc_auc,6.0
311,ward,ridge,yes,no,yes,no,adnidod,100,34,partial correlation,no,120,[ 0.53365385],roc_auc,6.0
312,ward,svc_l1,yes,no,yes,no,adnidod,100,34,tangent,no,120,[ 0.625],roc_auc,6.0
313,ward,svc_l2,yes,no,yes,no,adnidod,100,34,tangent,no,120,[ 0.68509615],roc_auc,6.0
314,ward,ridge,yes,no,yes,no,adnidod,100,34,tangent,no,120,[ 0.68509615],roc_auc,6.0
315,ward,svc_l1,yes,no,yes,no,adnidod,100,35,correlation,no,120,[ 0.70454545],roc_auc,6.0
316,ward,svc_l2,yes,no,yes,no,adnidod,100,35,correlation,no,120,[ 0.80909091],roc_auc,6.0
317,ward,ridge,yes,no,yes,no,adnidod,100,35,correlation,no,120,[ 0.75227273],roc_auc,6.0
318,ward,svc_l1,yes,no,yes,no,adnidod,100,35,partial correlation,no,120,[ 0.35681818],roc_auc,6.0
319,ward,svc_l2,yes,no,yes,no,adnidod,100,35,partial correlation,no,120,[ 0.54545455],roc_auc,6.0
320,ward,ridge,yes,no,yes,no,adnidod,100,35,partial correlation,no,120,[ 0.54545455],roc_auc,6.0
321,ward,svc_l1,yes,no,yes,no,adnidod,100,35,tangent,no,120,[ 0.55454545],roc_auc,6.0
322,ward,svc_l2,yes,no,yes,no,adnidod,100,35,tangent,no,120,[ 0.59318182],roc_auc,6.0
323,ward,ridge,yes,no,yes,no,adnidod,100,35,tangent,no,120,[ 0.58636364],roc_auc,6.0
324,ward,svc_l1,yes,no,yes,no,adnidod,100,36,correlation,no,120,[ 0.76410256],roc_auc,6.0
325,ward,svc_l2,yes,no,yes,no,adnidod,100,36,correlation,no,120,[ 0.71025641],roc_auc,6.0
326,ward,ridge,yes,no,yes,no,adnidod,100,36,correlation,no,120,[ 0.73589744],roc_auc,6.0
327,ward,svc_l1,yes,no,yes,no,adnidod,100,36,partial correlation,no,120,[ 0.50512821],roc_auc,6.0
328,ward,svc_l2,yes,no,yes,no,adnidod,100,36,partial correlation,no,120,[ 0.70769231],roc_auc,6.0
329,ward,ridge,yes,no,yes,no,adnidod,100,36,partial correlation,no,120,[ 0.70512821],roc_auc,6.0
330,ward,svc_l1,yes,no,yes,no,adnidod,100,36,tangent,no,120,[ 0.74871795],roc_auc,6.0
331,ward,svc_l2,yes,no,yes,no,adnidod,100,36,tangent,no,120,[ 0.74102564],roc_auc,6.0
332,ward,ridge,yes,no,yes,no,adnidod,100,36,tangent,no,120,[ 0.73846154],roc_auc,6.0
333,ward,svc_l1,yes,no,yes,no,adnidod,100,37,correlation,no,120,[ 0.51136364],roc_auc,6.0
334,ward,svc_l2,yes,no,yes,no,adnidod,100,37,correlation,no,120,[ 0.575],roc_auc,6.0
335,ward,ridge,yes,no,yes,no,adnidod,100,37,correlation,no,120,[ 0.52727273],roc_auc,6.0
336,ward,svc_l1,yes,no,yes,no,adnidod,100,37,partial correlation,no,120,[ 0.57045455],roc_auc,6.0
337,ward,svc_l2,yes,no,yes,no,adnidod,100,37,partial correlation,no,120,[ 0.55],roc_auc,6.0
338,ward,ridge,yes,no,yes,no,adnidod,100,37,partial correlation,no,120,[ 0.55681818],roc_auc,6.0
339,ward,svc_l1,yes,no,yes,no,adnidod,100,37,tangent,no,120,[ 0.35227273],roc_auc,6.0
340,ward,svc_l2,yes,no,yes,no,adnidod,100,37,tangent,no,120,[ 0.58636364],roc_auc,6.0
341,ward,ridge,yes,no,yes,no,adnidod,100,37,tangent,no,120,[ 0.59318182],roc_auc,6.0
342,ward,svc_l1,yes,no,yes,no,adnidod,100,38,correlation,no,120,[ 0.70454545],roc_auc,6.0
343,ward,svc_l2,yes,no,yes,no,adnidod,100,38,correlation,no,120,[ 0.68434343],roc_auc,6.0
344,ward,ridge,yes,no,yes,no,adnidod,100,38,correlation,no,120,[ 0.65909091],roc_auc,6.0
345,ward,svc_l1,yes,no,yes,no,adnidod,100,38,partial correlation,no,120,[ 0.68434343],roc_auc,6.0
346,ward,svc_l2,yes,no,yes,no,adnidod,100,38,partial correlation,no,120,[ 0.55050505],roc_auc,6.0
347,ward,ridge,yes,no,yes,no,adnidod,100,38,partial correlation,no,120,[ 0.5479798],roc_auc,6.0
348,ward,svc_l1,yes,no,yes,no,adnidod,100,38,tangent,no,120,[ 0.56565657],roc_auc,6.0
349,ward,svc_l2,yes,no,yes,no,adnidod,100,38,tangent,no,120,[ 0.62626263],roc_auc,6.0
350,ward,ridge,yes,no,yes,no,adnidod,100,38,tangent,no,120,[ 0.62626263],roc_auc,6.0
351,ward,svc_l1,yes,no,yes,no,adnidod,100,39,correlation,no,120,[ 0.52678571],roc_auc,6.0
352,ward,svc_l2,yes,no,yes,no,adnidod,100,39,correlation,no,120,[ 0.54464286],roc_auc,6.0
353,ward,ridge,yes,no,yes,no,adnidod,100,39,correlation,no,120,[ 0.52678571],roc_auc,6.0
354,ward,svc_l1,yes,no,yes,no,adnidod,100,39,partial correlation,no,120,[ 0.61607143],roc_auc,6.0
355,ward,svc_l2,yes,no,yes,no,adnidod,100,39,partial correlation,no,120,[ 0.58928571],roc_auc,6.0
356,ward,ridge,yes,no,yes,no,adnidod,100,39,partial correlation,no,120,[ 0.58333333],roc_auc,6.0
357,ward,svc_l1,yes,no,yes,no,adnidod,100,39,tangent,no,120,[ 0.52678571],roc_auc,6.0
358,ward,svc_l2,yes,no,yes,no,adnidod,100,39,tangent,no,120,[ 0.4672619],roc_auc,6.0
359,ward,ridge,yes,no,yes,no,adnidod,100,39,tangent,no,120,[ 0.46428571],roc_auc,6.0
360,ward,svc_l1,yes,no,yes,no,adnidod,100,40,correlation,no,120,[ 0.61111111],roc_auc,6.0
361,ward,svc_l2,yes,no,yes,no,adnidod,100,40,correlation,no,120,[ 0.62962963],roc_auc,6.0
362,ward,ridge,yes,no,yes,no,adnidod,100,40,correlation,no,120,[ 0.60185185],roc_auc,6.0
363,ward,svc_l1,yes,no,yes,no,adnidod,100,40,partial correlation,no,120,[ 0.42361111],roc_auc,6.0
364,ward,svc_l2,yes,no,yes,no,adnidod,100,40,partial correlation,no,120,[ 0.62268519],roc_auc,6.0
365,ward,ridge,yes,no,yes,no,adnidod,100,40,partial correlation,no,120,[ 0.61805556],roc_auc,6.0
366,ward,svc_l1,yes,no,yes,no,adnidod,100,40,tangent,no,120,[ 0.57407407],roc_auc,6.0
367,ward,svc_l2,yes,no,yes,no,adnidod,100,40,tangent,no,120,[ 0.61111111],roc_auc,6.0
368,ward,ridge,yes,no,yes,no,adnidod,100,40,tangent,no,120,[ 0.61574074],roc_auc,6.0
369,ward,svc_l1,yes,no,yes,no,adnidod,100,41,correlation,no,120,[ 0.52116402],roc_auc,6.0
370,ward,svc_l2,yes,no,yes,no,adnidod,100,41,correlation,no,120,[ 0.58201058],roc_auc,6.0
371,ward,ridge,yes,no,yes,no,adnidod,100,41,correlation,no,120,[ 0.55555556],roc_auc,6.0
372,ward,svc_l1,yes,no,yes,no,adnidod,100,41,partial correlation,no,120,[ 0.52645503],roc_auc,6.0
373,ward,svc_l2,yes,no,yes,no,adnidod,100,41,partial correlation,no,120,[ 0.59259259],roc_auc,6.0
374,ward,ridge,yes,no,yes,no,adnidod,100,41,partial correlation,no,120,[ 0.6031746],roc_auc,6.0
375,ward,svc_l1,yes,no,yes,no,adnidod,100,41,tangent,no,120,[ 0.64285714],roc_auc,6.0
376,ward,svc_l2,yes,no,yes,no,adnidod,100,41,tangent,no,120,[ 0.63492063],roc_auc,6.0
377,ward,ridge,yes,no,yes,no,adnidod,100,41,tangent,no,120,[ 0.63756614],roc_auc,6.0
378,ward,svc_l1,yes,no,yes,no,adnidod,100,42,correlation,no,120,[ 0.52685422],roc_auc,6.0
379,ward,svc_l2,yes,no,yes,no,adnidod,100,42,correlation,no,120,[ 0.47058824],roc_auc,6.0
380,ward,ridge,yes,no,yes,no,adnidod,100,42,correlation,no,120,[ 0.45268542],roc_auc,6.0
381,ward,svc_l1,yes,no,yes,no,adnidod,100,42,partial correlation,no,120,[ 0.50127877],roc_auc,6.0
382,ward,svc_l2,yes,no,yes,no,adnidod,100,42,partial correlation,no,120,[ 0.52429668],roc_auc,6.0
383,ward,ridge,yes,no,yes,no,adnidod,100,42,partial correlation,no,120,[ 0.52685422],roc_auc,6.0
384,ward,svc_l1,yes,no,yes,no,adnidod,100,42,tangent,no,120,[ 0.58056266],roc_auc,6.0
385,ward,svc_l2,yes,no,yes,no,adnidod,100,42,tangent,no,120,[ 0.54987212],roc_auc,6.0
386,ward,ridge,yes,no,yes,no,adnidod,100,42,tangent,no,120,[ 0.55242967],roc_auc,6.0
387,ward,svc_l1,yes,no,yes,no,adnidod,100,43,correlation,no,120,[ 0.67291667],roc_auc,6.0
388,ward,svc_l2,yes,no,yes,no,adnidod,100,43,correlation,no,120,[ 0.68333333],roc_auc,6.0
389,ward,ridge,yes,no,yes,no,adnidod,100,43,correlation,no,120,[ 0.67291667],roc_auc,6.0
390,ward,svc_l1,yes,no,yes,no,adnidod,100,43,partial correlation,no,120,[ 0.52916667],roc_auc,6.0
391,ward,svc_l2,yes,no,yes,no,adnidod,100,43,partial correlation,no,120,[ 0.725],roc_auc,6.0
392,ward,ridge,yes,no,yes,no,adnidod,100,43,partial correlation,no,120,[ 0.72083333],roc_auc,6.0
393,ward,svc_l1,yes,no,yes,no,adnidod,100,43,tangent,no,120,[ 0.525],roc_auc,6.0
394,ward,svc_l2,yes,no,yes,no,adnidod,100,43,tangent,no,120,[ 0.74375],roc_auc,6.0
395,ward,ridge,yes,no,yes,no,adnidod,100,43,tangent,no,120,[ 0.74583333],roc_auc,6.0
396,ward,svc_l1,yes,no,yes,no,adnidod,100,44,correlation,no,120,[ 0.69230769],roc_auc,6.0
397,ward,svc_l2,yes,no,yes,no,adnidod,100,44,correlation,no,120,[ 0.69822485],roc_auc,6.0
398,ward,ridge,yes,no,yes,no,adnidod,100,44,correlation,no,120,[ 0.66863905],roc_auc,6.0
399,ward,svc_l1,yes,no,yes,no,adnidod,100,44,partial correlation,no,120,[ 0.61538462],roc_auc,6.0
400,ward,svc_l2,yes,no,yes,no,adnidod,100,44,partial correlation,no,120,[ 0.73076923],roc_auc,6.0
401,ward,ridge,yes,no,yes,no,adnidod,100,44,partial correlation,no,120,[ 0.73076923],roc_auc,6.0
402,ward,svc_l1,yes,no,yes,no,adnidod,100,44,tangent,no,120,[ 0.65680473],roc_auc,6.0
403,ward,svc_l2,yes,no,yes,no,adnidod,100,44,tangent,no,120,[ 0.73076923],roc_auc,6.0
404,ward,ridge,yes,no,yes,no,adnidod,100,44,tangent,no,120,[ 0.75147929],roc_auc,6.0
405,ward,svc_l1,yes,no,yes,no,adnidod,100,45,correlation,no,120,[ 0.70562771],roc_auc,6.0
406,ward,svc_l2,yes,no,yes,no,adnidod,100,45,correlation,no,120,[ 0.70995671],roc_auc,6.0
407,ward,ridge,yes,no,yes,no,adnidod,100,45,correlation,no,120,[ 0.6969697],roc_auc,6.0
408,ward,svc_l1,yes,no,yes,no,adnidod,100,45,partial correlation,no,120,[ 0.62121212],roc_auc,6.0
409,ward,svc_l2,yes,no,yes,no,adnidod,100,45,partial correlation,no,120,[ 0.71212121],roc_auc,6.0
410,ward,ridge,yes,no,yes,no,adnidod,100,45,partial correlation,no,120,[ 0.71645022],roc_auc,6.0
411,ward,svc_l1,yes,no,yes,no,adnidod,100,45,tangent,no,120,[ 0.50865801],roc_auc,6.0
412,ward,svc_l2,yes,no,yes,no,adnidod,100,45,tangent,no,120,[ 0.74242424],roc_auc,6.0
413,ward,ridge,yes,no,yes,no,adnidod,100,45,tangent,no,120,[ 0.74458874],roc_auc,6.0
414,ward,svc_l1,yes,no,yes,no,adnidod,100,46,correlation,no,120,[ 0.63043478],roc_auc,6.0
415,ward,svc_l2,yes,no,yes,no,adnidod,100,46,correlation,no,120,[ 0.57246377],roc_auc,6.0
416,ward,ridge,yes,no,yes,no,adnidod,100,46,correlation,no,120,[ 0.55555556],roc_auc,6.0
417,ward,svc_l1,yes,no,yes,no,adnidod,100,46,partial correlation,no,120,[ 0.53140097],roc_auc,6.0
418,ward,svc_l2,yes,no,yes,no,adnidod,100,46,partial correlation,no,120,[ 0.56521739],roc_auc,6.0
419,ward,ridge,yes,no,yes,no,adnidod,100,46,partial correlation,no,120,[ 0.56763285],roc_auc,6.0
420,ward,svc_l1,yes,no,yes,no,adnidod,100,46,tangent,no,120,[ 0.60628019],roc_auc,6.0
421,ward,svc_l2,yes,no,yes,no,adnidod,100,46,tangent,no,120,[ 0.5821256],roc_auc,6.0
422,ward,ridge,yes,no,yes,no,adnidod,100,46,tangent,no,120,[ 0.5821256],roc_auc,6.0
423,ward,svc_l1,yes,no,yes,no,adnidod,100,47,correlation,no,120,[ 0.62939959],roc_auc,6.0
424,ward,svc_l2,yes,no,yes,no,adnidod,100,47,correlation,no,120,[ 0.79089027],roc_auc,6.0
425,ward,ridge,yes,no,yes,no,adnidod,100,47,correlation,no,120,[ 0.74327122],roc_auc,6.0
426,ward,svc_l1,yes,no,yes,no,adnidod,100,47,partial correlation,no,120,[ 0.63975155],roc_auc,6.0
427,ward,svc_l2,yes,no,yes,no,adnidod,100,47,partial correlation,no,120,[ 0.69979296],roc_auc,6.0
428,ward,ridge,yes,no,yes,no,adnidod,100,47,partial correlation,no,120,[ 0.69979296],roc_auc,6.0
429,ward,svc_l1,yes,no,yes,no,adnidod,100,47,tangent,no,120,[ 0.65838509],roc_auc,6.0
430,ward,svc_l2,yes,no,yes,no,adnidod,100,47,tangent,no,120,[ 0.73291925],roc_auc,6.0
431,ward,ridge,yes,no,yes,no,adnidod,100,47,tangent,no,120,[ 0.73084886],roc_auc,6.0
432,ward,svc_l1,yes,no,yes,no,adnidod,100,48,correlation,no,120,[ 0.42982456],roc_auc,6.0
433,ward,svc_l2,yes,no,yes,no,adnidod,100,48,correlation,no,120,[ 0.49342105],roc_auc,6.0
434,ward,ridge,yes,no,yes,no,adnidod,100,48,correlation,no,120,[ 0.49561404],roc_auc,6.0
435,ward,svc_l1,yes,no,yes,no,adnidod,100,48,partial correlation,no,120,[ 0.42763158],roc_auc,6.0
436,ward,svc_l2,yes,no,yes,no,adnidod,100,48,partial correlation,no,120,[ 0.58114035],roc_auc,6.0
437,ward,ridge,yes,no,yes,no,adnidod,100,48,partial correlation,no,120,[ 0.57675439],roc_auc,6.0
438,ward,svc_l1,yes,no,yes,no,adnidod,100,48,tangent,no,120,[ 0.51315789],roc_auc,6.0
439,ward,svc_l2,yes,no,yes,no,adnidod,100,48,tangent,no,120,[ 0.5504386],roc_auc,6.0
440,ward,ridge,yes,no,yes,no,adnidod,100,48,tangent,no,120,[ 0.54385965],roc_auc,6.0
441,ward,svc_l1,yes,no,yes,no,adnidod,100,49,correlation,no,120,[ 0.66276803],roc_auc,6.0
442,ward,svc_l2,yes,no,yes,no,adnidod,100,49,correlation,no,120,[ 0.80896686],roc_auc,6.0
443,ward,ridge,yes,no,yes,no,adnidod,100,49,correlation,no,120,[ 0.79337232],roc_auc,6.0
444,ward,svc_l1,yes,no,yes,no,adnidod,100,49,partial correlation,no,120,[ 0.63937622],roc_auc,6.0
445,ward,svc_l2,yes,no,yes,no,adnidod,100,49,partial correlation,no,120,[ 0.55360624],roc_auc,6.0
446,ward,ridge,yes,no,yes,no,adnidod,100,49,partial correlation,no,120,[ 0.55165692],roc_auc,6.0
447,ward,svc_l1,yes,no,yes,no,adnidod,100,49,tangent,no,120,[ 0.61208577],roc_auc,6.0
448,ward,svc_l2,yes,no,yes,no,adnidod,100,49,tangent,no,120,[ 0.61013645],roc_auc,6.0
449,ward,ridge,yes,no,yes,no,adnidod,100,49,tangent,no,120,[ 0.61403509],roc_auc,6.0
450,ward,svc_l1,yes,no,yes,no,adnidod,100,50,correlation,no,120,[ 0.61538462],roc_auc,6.0
451,ward,svc_l2,yes,no,yes,no,adnidod,100,50,correlation,no,120,[ 0.65598291],roc_auc,6.0
452,ward,ridge,yes,no,yes,no,adnidod,100,50,correlation,no,120,[ 0.64102564],roc_auc,6.0
453,ward,svc_l1,yes,no,yes,no,adnidod,100,50,partial correlation,no,120,[ 0.56837607],roc_auc,6.0
454,ward,svc_l2,yes,no,yes,no,adnidod,100,50,partial correlation,no,120,[ 0.64102564],roc_auc,6.0
455,ward,ridge,yes,no,yes,no,adnidod,100,50,partial correlation,no,120,[ 0.64102564],roc_auc,6.0
456,ward,svc_l1,yes,no,yes,no,adnidod,100,50,tangent,no,120,[ 0.58760684],roc_auc,6.0
457,ward,svc_l2,yes,no,yes,no,adnidod,100,50,tangent,no,120,[ 0.64957265],roc_auc,6.0
458,ward,ridge,yes,no,yes,no,adnidod,100,50,tangent,no,120,[ 0.65384615],roc_auc,6.0
459,ward,svc_l1,yes,no,yes,no,adnidod,100,51,correlation,no,120,[ 0.62345679],roc_auc,6.0
460,ward,svc_l2,yes,no,yes,no,adnidod,100,51,correlation,no,120,[ 0.65020576],roc_auc,6.0
461,ward,ridge,yes,no,yes,no,adnidod,100,51,correlation,no,120,[ 0.66872428],roc_auc,6.0
462,ward,svc_l1,yes,no,yes,no,adnidod,100,51,partial correlation,no,120,[ 0.60082305],roc_auc,6.0
463,ward,svc_l2,yes,no,yes,no,adnidod,100,51,partial correlation,no,120,[ 0.60288066],roc_auc,6.0
464,ward,ridge,yes,no,yes,no,adnidod,100,51,partial correlation,no,120,[ 0.60493827],roc_auc,6.0
465,ward,svc_l1,yes,no,yes,no,adnidod,100,51,tangent,no,120,[ 0.6563786],roc_auc,6.0
466,ward,svc_l2,yes,no,yes,no,adnidod,100,51,tangent,no,120,[ 0.69753086],roc_auc,6.0
467,ward,ridge,yes,no,yes,no,adnidod,100,51,tangent,no,120,[ 0.69753086],roc_auc,6.0
468,ward,svc_l1,yes,no,yes,no,adnidod,100,52,correlation,no,120,[ 0.7025],roc_auc,6.0
469,ward,svc_l2,yes,no,yes,no,adnidod,100,52,correlation,no,120,[ 0.69],roc_auc,6.0
470,ward,ridge,yes,no,yes,no,adnidod,100,52,correlation,no,120,[ 0.66],roc_auc,6.0
471,ward,svc_l1,yes,no,yes,no,adnidod,100,52,partial correlation,no,120,[ 0.4775],roc_auc,6.0
472,ward,svc_l2,yes,no,yes,no,adnidod,100,52,partial correlation,no,120,[ 0.6725],roc_auc,6.0
473,ward,ridge,yes,no,yes,no,adnidod,100,52,partial correlation,no,120,[ 0.67],roc_auc,6.0
474,ward,svc_l1,yes,no,yes,no,adnidod,100,52,tangent,no,120,[ 0.53],roc_auc,6.0
475,ward,svc_l2,yes,no,yes,no,adnidod,100,52,tangent,no,120,[ 0.6425],roc_auc,6.0
476,ward,ridge,yes,no,yes,no,adnidod,100,52,tangent,no,120,[ 0.645],roc_auc,6.0
477,ward,svc_l1,yes,no,yes,no,adnidod,100,53,correlation,no,120,[ 0.56140351],roc_auc,6.0
478,ward,svc_l2,yes,no,yes,no,adnidod,100,53,correlation,no,120,[ 0.58646617],roc_auc,6.0
479,ward,ridge,yes,no,yes,no,adnidod,100,53,correlation,no,120,[ 0.56140351],roc_auc,6.0
480,ward,svc_l1,yes,no,yes,no,adnidod,100,53,partial correlation,no,120,[ 0.36842105],roc_auc,6.0
481,ward,svc_l2,yes,no,yes,no,adnidod,100,53,partial correlation,no,120,[ 0.4235589],roc_auc,6.0
482,ward,ridge,yes,no,yes,no,adnidod,100,53,partial correlation,no,120,[ 0.42857143],roc_auc,6.0
483,ward,svc_l1,yes,no,yes,no,adnidod,100,53,tangent,no,120,[ 0.51378446],roc_auc,6.0
484,ward,svc_l2,yes,no,yes,no,adnidod,100,53,tangent,no,120,[ 0.62406015],roc_auc,6.0
485,ward,ridge,yes,no,yes,no,adnidod,100,53,tangent,no,120,[ 0.62155388],roc_auc,6.0
486,ward,svc_l1,yes,no,yes,no,adnidod,100,54,correlation,no,120,[ 0.63368984],roc_auc,6.0
487,ward,svc_l2,yes,no,yes,no,adnidod,100,54,correlation,no,120,[ 0.59893048],roc_auc,6.0
488,ward,ridge,yes,no,yes,no,adnidod,100,54,correlation,no,120,[ 0.5828877],roc_auc,6.0
489,ward,svc_l1,yes,no,yes,no,adnidod,100,54,partial correlation,no,120,[ 0.56149733],roc_auc,6.0
490,ward,svc_l2,yes,no,yes,no,adnidod,100,54,partial correlation,no,120,[ 0.64438503],roc_auc,6.0
491,ward,ridge,yes,no,yes,no,adnidod,100,54,partial correlation,no,120,[ 0.64438503],roc_auc,6.0
492,ward,svc_l1,yes,no,yes,no,adnidod,100,54,tangent,no,120,[ 0.76470588],roc_auc,6.0
493,ward,svc_l2,yes,no,yes,no,adnidod,100,54,tangent,no,120,[ 0.65508021],roc_auc,6.0
494,ward,ridge,yes,no,yes,no,adnidod,100,54,tangent,no,120,[ 0.65775401],roc_auc,6.0
495,ward,svc_l1,yes,no,yes,no,adnidod,100,55,correlation,no,120,[ 0.61098398],roc_auc,6.0
496,ward,svc_l2,yes,no,yes,no,adnidod,100,55,correlation,no,120,[ 0.68649886],roc_auc,6.0
497,ward,ridge,yes,no,yes,no,adnidod,100,55,correlation,no,120,[ 0.66590389],roc_auc,6.0
498,ward,svc_l1,yes,no,yes,no,adnidod,100,55,partial correlation,no,120,[ 0.63157895],roc_auc,6.0
499,ward,svc_l2,yes,no,yes,no,adnidod,100,55,partial correlation,no,120,[ 0.80320366],roc_auc,6.0
500,ward,ridge,yes,no,yes,no,adnidod,100,55,partial correlation,no,120,[ 0.80549199],roc_auc,6.0
501,ward,svc_l1,yes,no,yes,no,adnidod,100,55,tangent,no,120,[ 0.49656751],roc_auc,6.0
502,ward,svc_l2,yes,no,yes,no,adnidod,100,55,tangent,no,120,[ 0.67276888],roc_auc,6.0
503,ward,ridge,yes,no,yes,no,adnidod,100,55,tangent,no,120,[ 0.67048055],roc_auc,6.0
504,ward,svc_l1,yes,no,yes,no,adnidod,100,56,correlation,no,120,[ 0.45714286],roc_auc,6.0
505,ward,svc_l2,yes,no,yes,no,adnidod,100,56,correlation,no,120,[ 0.54285714],roc_auc,6.0
506,ward,ridge,yes,no,yes,no,adnidod,100,56,correlation,no,120,[ 0.49761905],roc_auc,6.0
507,ward,svc_l1,yes,no,yes,no,adnidod,100,56,partial correlation,no,120,[ 0.45238095],roc_auc,6.0
508,ward,svc_l2,yes,no,yes,no,adnidod,100,56,partial correlation,no,120,[ 0.5],roc_auc,6.0
509,ward,ridge,yes,no,yes,no,adnidod,100,56,partial correlation,no,120,[ 0.50238095],roc_auc,6.0
510,ward,svc_l1,yes,no,yes,no,adnidod,100,56,tangent,no,120,[ 0.55714286],roc_auc,6.0
511,ward,svc_l2,yes,no,yes,no,adnidod,100,56,tangent,no,120,[ 0.59047619],roc_auc,6.0
512,ward,ridge,yes,no,yes,no,adnidod,100,56,tangent,no,120,[ 0.5952381],roc_auc,6.0
513,ward,svc_l1,yes,no,yes,no,adnidod,100,57,correlation,no,120,[ 0.52916667],roc_auc,6.0
514,ward,svc_l2,yes,no,yes,no,adnidod,100,57,correlation,no,120,[ 0.59583333],roc_auc,6.0
515,ward,ridge,yes,no,yes,no,adnidod,100,57,correlation,no,120,[ 0.57916667],roc_auc,6.0
516,ward,svc_l1,yes,no,yes,no,adnidod,100,57,partial correlation,no,120,[ 0.49166667],roc_auc,6.0
517,ward,svc_l2,yes,no,yes,no,adnidod,100,57,partial correlation,no,120,[ 0.66666667],roc_auc,6.0
518,ward,ridge,yes,no,yes,no,adnidod,100,57,partial correlation,no,120,[ 0.66666667],roc_auc,6.0
519,ward,svc_l1,yes,no,yes,no,adnidod,100,57,tangent,no,120,[ 0.6],roc_auc,6.0
520,ward,svc_l2,yes,no,yes,no,adnidod,100,57,tangent,no,120,[ 0.675],roc_auc,6.0
521,ward,ridge,yes,no,yes,no,adnidod,100,57,tangent,no,120,[ 0.675],roc_auc,6.0
522,ward,svc_l1,yes,no,yes,no,adnidod,100,58,correlation,no,120,[ 0.68965517],roc_auc,6.0
523,ward,svc_l2,yes,no,yes,no,adnidod,100,58,correlation,no,120,[ 0.69195402],roc_auc,6.0
524,ward,ridge,yes,no,yes,no,adnidod,100,58,correlation,no,120,[ 0.64827586],roc_auc,6.0
525,ward,svc_l1,yes,no,yes,no,adnidod,100,58,partial correlation,no,120,[ 0.57241379],roc_auc,6.0
526,ward,svc_l2,yes,no,yes,no,adnidod,100,58,partial correlation,no,120,[ 0.65977011],roc_auc,6.0
527,ward,ridge,yes,no,yes,no,adnidod,100,58,partial correlation,no,120,[ 0.65977011],roc_auc,6.0
528,ward,svc_l1,yes,no,yes,no,adnidod,100,58,tangent,no,120,[ 0.56091954],roc_auc,6.0
529,ward,svc_l2,yes,no,yes,no,adnidod,100,58,tangent,no,120,[ 0.69655172],roc_auc,6.0
530,ward,ridge,yes,no,yes,no,adnidod,100,58,tangent,no,120,[ 0.69885057],roc_auc,6.0
531,ward,svc_l1,yes,no,yes,no,adnidod,100,59,correlation,no,120,[ 0.54451346],roc_auc,6.0
532,ward,svc_l2,yes,no,yes,no,adnidod,100,59,correlation,no,120,[ 0.56728778],roc_auc,6.0
533,ward,ridge,yes,no,yes,no,adnidod,100,59,correlation,no,120,[ 0.55486542],roc_auc,6.0
534,ward,svc_l1,yes,no,yes,no,adnidod,100,59,partial correlation,no,120,[ 0.56521739],roc_auc,6.0
535,ward,svc_l2,yes,no,yes,no,adnidod,100,59,partial correlation,no,120,[ 0.69151139],roc_auc,6.0
536,ward,ridge,yes,no,yes,no,adnidod,100,59,partial correlation,no,120,[ 0.69151139],roc_auc,6.0
537,ward,svc_l1,yes,no,yes,no,adnidod,100,59,tangent,no,120,[ 0.51759834],roc_auc,6.0
538,ward,svc_l2,yes,no,yes,no,adnidod,100,59,tangent,no,120,[ 0.67908903],roc_auc,6.0
539,ward,ridge,yes,no,yes,no,adnidod,100,59,tangent,no,120,[ 0.6873706],roc_auc,6.0
540,ward,svc_l1,yes,no,yes,no,adnidod,100,60,correlation,no,120,[ 0.65289256],roc_auc,6.0
541,ward,svc_l2,yes,no,yes,no,adnidod,100,60,correlation,no,120,[ 0.66735537],roc_auc,6.0
542,ward,ridge,yes,no,yes,no,adnidod,100,60,correlation,no,120,[ 0.65495868],roc_auc,6.0
543,ward,svc_l1,yes,no,yes,no,adnidod,100,60,partial correlation,no,120,[ 0.65495868],roc_auc,6.0
544,ward,svc_l2,yes,no,yes,no,adnidod,100,60,partial correlation,no,120,[ 0.5661157],roc_auc,6.0
545,ward,ridge,yes,no,yes,no,adnidod,100,60,partial correlation,no,120,[ 0.56404959],roc_auc,6.0
546,ward,svc_l1,yes,no,yes,no,adnidod,100,60,tangent,no,120,[ 0.64256198],roc_auc,6.0
547,ward,svc_l2,yes,no,yes,no,adnidod,100,60,tangent,no,120,[ 0.73140496],roc_auc,6.0
548,ward,ridge,yes,no,yes,no,adnidod,100,60,tangent,no,120,[ 0.72727273],roc_auc,6.0
549,ward,svc_l1,yes,no,yes,no,adnidod,100,61,correlation,no,120,[ 0.53968254],roc_auc,6.0
550,ward,svc_l2,yes,no,yes,no,adnidod,100,61,correlation,no,120,[ 0.5978836],roc_auc,6.0
551,ward,ridge,yes,no,yes,no,adnidod,100,61,correlation,no,120,[ 0.65343915],roc_auc,6.0
552,ward,svc_l1,yes,no,yes,no,adnidod,100,61,partial correlation,no,120,[ 0.37037037],roc_auc,6.0
553,ward,svc_l2,yes,no,yes,no,adnidod,100,61,partial correlation,no,120,[ 0.70634921],roc_auc,6.0
554,ward,ridge,yes,no,yes,no,adnidod,100,61,partial correlation,no,120,[ 0.70634921],roc_auc,6.0
555,ward,svc_l1,yes,no,yes,no,adnidod,100,61,tangent,no,120,[ 0.5],roc_auc,6.0
556,ward,svc_l2,yes,no,yes,no,adnidod,100,61,tangent,no,120,[ 0.66402116],roc_auc,6.0
557,ward,ridge,yes,no,yes,no,adnidod,100,61,tangent,no,120,[ 0.66666667],roc_auc,6.0
558,ward,svc_l1,yes,no,yes,no,adnidod,100,62,correlation,no,120,[ 0.56481481],roc_auc,6.0
559,ward,svc_l2,yes,no,yes,no,adnidod,100,62,correlation,no,120,[ 0.5625],roc_auc,6.0
560,ward,ridge,yes,no,yes,no,adnidod,100,62,correlation,no,120,[ 0.53935185],roc_auc,6.0
561,ward,svc_l1,yes,no,yes,no,adnidod,100,62,partial correlation,no,120,[ 0.50925926],roc_auc,6.0
562,ward,svc_l2,yes,no,yes,no,adnidod,100,62,partial correlation,no,120,[ 0.50925926],roc_auc,6.0
563,ward,ridge,yes,no,yes,no,adnidod,100,62,partial correlation,no,120,[ 0.51157407],roc_auc,6.0
564,ward,svc_l1,yes,no,yes,no,adnidod,100,62,tangent,no,120,[ 0.53935185],roc_auc,6.0
565,ward,svc_l2,yes,no,yes,no,adnidod,100,62,tangent,no,120,[ 0.55787037],roc_auc,6.0
566,ward,ridge,yes,no,yes,no,adnidod,100,62,tangent,no,120,[ 0.55555556],roc_auc,6.0
567,ward,svc_l1,yes,no,yes,no,adnidod,100,63,correlation,no,120,[ 0.542],roc_auc,6.0
568,ward,svc_l2,yes,no,yes,no,adnidod,100,63,correlation,no,120,[ 0.582],roc_auc,6.0
569,ward,ridge,yes,no,yes,no,adnidod,100,63,correlation,no,120,[ 0.564],roc_auc,6.0
570,ward,svc_l1,yes,no,yes,no,adnidod,100,63,partial correlation,no,120,[ 0.51],roc_auc,6.0
571,ward,svc_l2,yes,no,yes,no,adnidod,100,63,partial correlation,no,120,[ 0.566],roc_auc,6.0
572,ward,ridge,yes,no,yes,no,adnidod,100,63,partial correlation,no,120,[ 0.564],roc_auc,6.0
573,ward,svc_l1,yes,no,yes,no,adnidod,100,63,tangent,no,120,[ 0.616],roc_auc,6.0
574,ward,svc_l2,yes,no,yes,no,adnidod,100,63,tangent,no,120,[ 0.618],roc_auc,6.0
575,ward,ridge,yes,no,yes,no,adnidod,100,63,tangent,no,120,[ 0.612],roc_auc,6.0
576,ward,svc_l1,yes,no,yes,no,adnidod,100,64,correlation,no,120,[ 0.74666667],roc_auc,6.0
577,ward,svc_l2,yes,no,yes,no,adnidod,100,64,correlation,no,120,[ 0.79666667],roc_auc,6.0
578,ward,ridge,yes,no,yes,no,adnidod,100,64,correlation,no,120,[ 0.81333333],roc_auc,6.0
579,ward,svc_l1,yes,no,yes,no,adnidod,100,64,partial correlation,no,120,[ 0.46],roc_auc,6.0
580,ward,svc_l2,yes,no,yes,no,adnidod,100,64,partial correlation,no,120,[ 0.69333333],roc_auc,6.0
581,ward,ridge,yes,no,yes,no,adnidod,100,64,partial correlation,no,120,[ 0.69666667],roc_auc,6.0
582,ward,svc_l1,yes,no,yes,no,adnidod,100,64,tangent,no,120,[ 0.68666667],roc_auc,6.0
583,ward,svc_l2,yes,no,yes,no,adnidod,100,64,tangent,no,120,[ 0.77666667],roc_auc,6.0
584,ward,ridge,yes,no,yes,no,adnidod,100,64,tangent,no,120,[ 0.77333333],roc_auc,6.0
585,ward,svc_l1,yes,no,yes,no,adnidod,100,65,correlation,no,120,[ 0.6122449],roc_auc,6.0
586,ward,svc_l2,yes,no,yes,no,adnidod,100,65,correlation,no,120,[ 0.53571429],roc_auc,6.0
587,ward,ridge,yes,no,yes,no,adnidod,100,65,correlation,no,120,[ 0.58928571],roc_auc,6.0
588,ward,svc_l1,yes,no,yes,no,adnidod,100,65,partial correlation,no,120,[ 0.51530612],roc_auc,6.0
589,ward,svc_l2,yes,no,yes,no,adnidod,100,65,partial correlation,no,120,[ 0.65306122],roc_auc,6.0
590,ward,ridge,yes,no,yes,no,adnidod,100,65,partial correlation,no,120,[ 0.6505102],roc_auc,6.0
591,ward,svc_l1,yes,no,yes,no,adnidod,100,65,tangent,no,120,[ 0.54081633],roc_auc,6.0
592,ward,svc_l2,yes,no,yes,no,adnidod,100,65,tangent,no,120,[ 0.60204082],roc_auc,6.0
593,ward,ridge,yes,no,yes,no,adnidod,100,65,tangent,no,120,[ 0.59438776],roc_auc,6.0
594,ward,svc_l1,yes,no,yes,no,adnidod,100,66,correlation,no,120,[ 0.725],roc_auc,6.0
595,ward,svc_l2,yes,no,yes,no,adnidod,100,66,correlation,no,120,[ 0.755],roc_auc,6.0
596,ward,ridge,yes,no,yes,no,adnidod,100,66,correlation,no,120,[ 0.735],roc_auc,6.0
597,ward,svc_l1,yes,no,yes,no,adnidod,100,66,partial correlation,no,120,[ 0.4575],roc_auc,6.0
598,ward,svc_l2,yes,no,yes,no,adnidod,100,66,partial correlation,no,120,[ 0.6525],roc_auc,6.0
599,ward,ridge,yes,no,yes,no,adnidod,100,66,partial correlation,no,120,[ 0.6475],roc_auc,6.0
600,ward,svc_l1,yes,no,yes,no,adnidod,100,66,tangent,no,120,[ 0.645],roc_auc,6.0
601,ward,svc_l2,yes,no,yes,no,adnidod,100,66,tangent,no,120,[ 0.695],roc_auc,6.0
602,ward,ridge,yes,no,yes,no,adnidod,100,66,tangent,no,120,[ 0.6975],roc_auc,6.0
603,ward,svc_l1,yes,no,yes,no,adnidod,100,67,correlation,no,120,[ 0.66435185],roc_auc,6.0
604,ward,svc_l2,yes,no,yes,no,adnidod,100,67,correlation,no,120,[ 0.71759259],roc_auc,6.0
605,ward,ridge,yes,no,yes,no,adnidod,100,67,correlation,no,120,[ 0.7037037],roc_auc,6.0
606,ward,svc_l1,yes,no,yes,no,adnidod,100,67,partial correlation,no,120,[ 0.63888889],roc_auc,6.0
607,ward,svc_l2,yes,no,yes,no,adnidod,100,67,partial correlation,no,120,[ 0.58333333],roc_auc,6.0
608,ward,ridge,yes,no,yes,no,adnidod,100,67,partial correlation,no,120,[ 0.58564815],roc_auc,6.0
609,ward,svc_l1,yes,no,yes,no,adnidod,100,67,tangent,no,120,[ 0.44444444],roc_auc,6.0
610,ward,svc_l2,yes,no,yes,no,adnidod,100,67,tangent,no,120,[ 0.64351852],roc_auc,6.0
611,ward,ridge,yes,no,yes,no,adnidod,100,67,tangent,no,120,[ 0.6412037],roc_auc,6.0
612,ward,svc_l1,yes,no,yes,no,adnidod,100,68,correlation,no,120,[ 0.59649123],roc_auc,6.0
613,ward,svc_l2,yes,no,yes,no,adnidod,100,68,correlation,no,120,[ 0.68859649],roc_auc,6.0
614,ward,ridge,yes,no,yes,no,adnidod,100,68,correlation,no,120,[ 0.66447368],roc_auc,6.0
615,ward,svc_l1,yes,no,yes,no,adnidod,100,68,partial correlation,no,120,[ 0.65570175],roc_auc,6.0
616,ward,svc_l2,yes,no,yes,no,adnidod,100,68,partial correlation,no,120,[ 0.66666667],roc_auc,6.0
617,ward,ridge,yes,no,yes,no,adnidod,100,68,partial correlation,no,120,[ 0.66666667],roc_auc,6.0
618,ward,svc_l1,yes,no,yes,no,adnidod,100,68,tangent,no,120,[ 0.61184211],roc_auc,6.0
619,ward,svc_l2,yes,no,yes,no,adnidod,100,68,tangent,no,120,[ 0.67324561],roc_auc,6.0
620,ward,ridge,yes,no,yes,no,adnidod,100,68,tangent,no,120,[ 0.67105263],roc_auc,6.0
621,ward,svc_l1,yes,no,yes,no,adnidod,100,69,correlation,no,120,[ 0.47179487],roc_auc,6.0
622,ward,svc_l2,yes,no,yes,no,adnidod,100,69,correlation,no,120,[ 0.55128205],roc_auc,6.0
623,ward,ridge,yes,no,yes,no,adnidod,100,69,correlation,no,120,[ 0.52307692],roc_auc,6.0
624,ward,svc_l1,yes,no,yes,no,adnidod,100,69,partial correlation,no,120,[ 0.72307692],roc_auc,6.0
625,ward,svc_l2,yes,no,yes,no,adnidod,100,69,partial correlation,no,120,[ 0.88461538],roc_auc,6.0
626,ward,ridge,yes,no,yes,no,adnidod,100,69,partial correlation,no,120,[ 0.87948718],roc_auc,6.0
627,ward,svc_l1,yes,no,yes,no,adnidod,100,69,tangent,no,120,[ 0.67692308],roc_auc,6.0
628,ward,svc_l2,yes,no,yes,no,adnidod,100,69,tangent,no,120,[ 0.81282051],roc_auc,6.0
629,ward,ridge,yes,no,yes,no,adnidod,100,69,tangent,no,120,[ 0.80512821],roc_auc,6.0
630,ward,svc_l1,yes,no,yes,no,adnidod,100,70,correlation,no,120,[ 0.67294118],roc_auc,6.0
631,ward,svc_l2,yes,no,yes,no,adnidod,100,70,correlation,no,120,[ 0.70823529],roc_auc,6.0
632,ward,ridge,yes,no,yes,no,adnidod,100,70,correlation,no,120,[ 0.71058824],roc_auc,6.0
633,ward,svc_l1,yes,no,yes,no,adnidod,100,70,partial correlation,no,120,[ 0.50823529],roc_auc,6.0
634,ward,svc_l2,yes,no,yes,no,adnidod,100,70,partial correlation,no,120,[ 0.67529412],roc_auc,6.0
635,ward,ridge,yes,no,yes,no,adnidod,100,70,partial correlation,no,120,[ 0.67529412],roc_auc,6.0
636,ward,svc_l1,yes,no,yes,no,adnidod,100,70,tangent,no,120,[ 0.58823529],roc_auc,6.0
637,ward,svc_l2,yes,no,yes,no,adnidod,100,70,tangent,no,120,[ 0.66588235],roc_auc,6.0
638,ward,ridge,yes,no,yes,no,adnidod,100,70,tangent,no,120,[ 0.66588235],roc_auc,6.0
639,ward,svc_l1,yes,no,yes,no,adnidod,100,71,correlation,no,120,[ 0.65800866],roc_auc,6.0
640,ward,svc_l2,yes,no,yes,no,adnidod,100,71,correlation,no,120,[ 0.74675325],roc_auc,6.0
641,ward,ridge,yes,no,yes,no,adnidod,100,71,correlation,no,120,[ 0.72510823],roc_auc,6.0
642,ward,svc_l1,yes,no,yes,no,adnidod,100,71,partial correlation,no,120,[ 0.43722944],roc_auc,6.0
643,ward,svc_l2,yes,no,yes,no,adnidod,100,71,partial correlation,no,120,[ 0.66883117],roc_auc,6.0
644,ward,ridge,yes,no,yes,no,adnidod,100,71,partial correlation,no,120,[ 0.66883117],roc_auc,6.0
645,ward,svc_l1,yes,no,yes,no,adnidod,100,71,tangent,no,120,[ 0.65367965],roc_auc,6.0
646,ward,svc_l2,yes,no,yes,no,adnidod,100,71,tangent,no,120,[ 0.72727273],roc_auc,6.0
647,ward,ridge,yes,no,yes,no,adnidod,100,71,tangent,no,120,[ 0.72510823],roc_auc,6.0
648,ward,svc_l1,yes,no,yes,no,adnidod,100,72,correlation,no,120,[ 0.632],roc_auc,6.0
649,ward,svc_l2,yes,no,yes,no,adnidod,100,72,correlation,no,120,[ 0.70933333],roc_auc,6.0
650,ward,ridge,yes,no,yes,no,adnidod,100,72,correlation,no,120,[ 0.69333333],roc_auc,6.0
651,ward,svc_l1,yes,no,yes,no,adnidod,100,72,partial correlation,no,120,[ 0.63733333],roc_auc,6.0
652,ward,svc_l2,yes,no,yes,no,adnidod,100,72,partial correlation,no,120,[ 0.768],roc_auc,6.0
653,ward,ridge,yes,no,yes,no,adnidod,100,72,partial correlation,no,120,[ 0.768],roc_auc,6.0
654,ward,svc_l1,yes,no,yes,no,adnidod,100,72,tangent,no,120,[ 0.57866667],roc_auc,6.0
655,ward,svc_l2,yes,no,yes,no,adnidod,100,72,tangent,no,120,[ 0.74933333],roc_auc,6.0
656,ward,ridge,yes,no,yes,no,adnidod,100,72,tangent,no,120,[ 0.75466667],roc_auc,6.0
657,ward,svc_l1,yes,no,yes,no,adnidod,100,73,correlation,no,120,[ 0.53095238],roc_auc,6.0
658,ward,svc_l2,yes,no,yes,no,adnidod,100,73,correlation,no,120,[ 0.55952381],roc_auc,6.0
659,ward,ridge,yes,no,yes,no,adnidod,100,73,correlation,no,120,[ 0.60238095],roc_auc,6.0
660,ward,svc_l1,yes,no,yes,no,adnidod,100,73,partial correlation,no,120,[ 0.47857143],roc_auc,6.0
661,ward,svc_l2,yes,no,yes,no,adnidod,100,73,partial correlation,no,120,[ 0.56904762],roc_auc,6.0
662,ward,ridge,yes,no,yes,no,adnidod,100,73,partial correlation,no,120,[ 0.56904762],roc_auc,6.0
663,ward,svc_l1,yes,no,yes,no,adnidod,100,73,tangent,no,120,[ 0.43571429],roc_auc,6.0
664,ward,svc_l2,yes,no,yes,no,adnidod,100,73,tangent,no,120,[ 0.4952381],roc_auc,6.0
665,ward,ridge,yes,no,yes,no,adnidod,100,73,tangent,no,120,[ 0.4952381],roc_auc,6.0
666,ward,svc_l1,yes,no,yes,no,adnidod,100,74,correlation,no,120,[ 0.72874494],roc_auc,6.0
667,ward,svc_l2,yes,no,yes,no,adnidod,100,74,correlation,no,120,[ 0.68218623],roc_auc,6.0
668,ward,ridge,yes,no,yes,no,adnidod,100,74,correlation,no,120,[ 0.67611336],roc_auc,6.0
669,ward,svc_l1,yes,no,yes,no,adnidod,100,74,partial correlation,no,120,[ 0.50404858],roc_auc,6.0
670,ward,svc_l2,yes,no,yes,no,adnidod,100,74,partial correlation,no,120,[ 0.49797571],roc_auc,6.0
671,ward,ridge,yes,no,yes,no,adnidod,100,74,partial correlation,no,120,[ 0.49595142],roc_auc,6.0
672,ward,svc_l1,yes,no,yes,no,adnidod,100,74,tangent,no,120,[ 0.55263158],roc_auc,6.0
673,ward,svc_l2,yes,no,yes,no,adnidod,100,74,tangent,no,120,[ 0.68421053],roc_auc,6.0
674,ward,ridge,yes,no,yes,no,adnidod,100,74,tangent,no,120,[ 0.68421053],roc_auc,6.0
675,ward,svc_l1,yes,no,yes,no,adnidod,100,75,correlation,no,120,[ 0.58547009],roc_auc,6.0
676,ward,svc_l2,yes,no,yes,no,adnidod,100,75,correlation,no,120,[ 0.55555556],roc_auc,6.0
677,ward,ridge,yes,no,yes,no,adnidod,100,75,correlation,no,120,[ 0.57478632],roc_auc,6.0
678,ward,svc_l1,yes,no,yes,no,adnidod,100,75,partial correlation,no,120,[ 0.61324786],roc_auc,6.0
679,ward,svc_l2,yes,no,yes,no,adnidod,100,75,partial correlation,no,120,[ 0.60683761],roc_auc,6.0
680,ward,ridge,yes,no,yes,no,adnidod,100,75,partial correlation,no,120,[ 0.60897436],roc_auc,6.0
681,ward,svc_l1,yes,no,yes,no,adnidod,100,75,tangent,no,120,[ 0.60042735],roc_auc,6.0
682,ward,svc_l2,yes,no,yes,no,adnidod,100,75,tangent,no,120,[ 0.65384615],roc_auc,6.0
683,ward,ridge,yes,no,yes,no,adnidod,100,75,tangent,no,120,[ 0.66452991],roc_auc,6.0
684,ward,svc_l1,yes,no,yes,no,adnidod,100,76,correlation,no,120,[ 0.73052632],roc_auc,6.0
685,ward,svc_l2,yes,no,yes,no,adnidod,100,76,correlation,no,120,[ 0.64],roc_auc,6.0
686,ward,ridge,yes,no,yes,no,adnidod,100,76,correlation,no,120,[ 0.61473684],roc_auc,6.0
687,ward,svc_l1,yes,no,yes,no,adnidod,100,76,partial correlation,no,120,[ 0.45894737],roc_auc,6.0
688,ward,svc_l2,yes,no,yes,no,adnidod,100,76,partial correlation,no,120,[ 0.58526316],roc_auc,6.0
689,ward,ridge,yes,no,yes,no,adnidod,100,76,partial correlation,no,120,[ 0.58736842],roc_auc,6.0
690,ward,svc_l1,yes,no,yes,no,adnidod,100,76,tangent,no,120,[ 0.50105263],roc_auc,6.0
691,ward,svc_l2,yes,no,yes,no,adnidod,100,76,tangent,no,120,[ 0.61894737],roc_auc,6.0
692,ward,ridge,yes,no,yes,no,adnidod,100,76,tangent,no,120,[ 0.61473684],roc_auc,6.0
693,ward,svc_l1,yes,no,yes,no,adnidod,100,77,correlation,no,120,[ 0.4625],roc_auc,6.0
694,ward,svc_l2,yes,no,yes,no,adnidod,100,77,correlation,no,120,[ 0.495],roc_auc,6.0
695,ward,ridge,yes,no,yes,no,adnidod,100,77,correlation,no,120,[ 0.465],roc_auc,6.0
696,ward,svc_l1,yes,no,yes,no,adnidod,100,77,partial correlation,no,120,[ 0.555],roc_auc,6.0
697,ward,svc_l2,yes,no,yes,no,adnidod,100,77,partial correlation,no,120,[ 0.52],roc_auc,6.0
698,ward,ridge,yes,no,yes,no,adnidod,100,77,partial correlation,no,120,[ 0.515],roc_auc,6.0
699,ward,svc_l1,yes,no,yes,no,adnidod,100,77,tangent,no,120,[ 0.54],roc_auc,6.0
700,ward,svc_l2,yes,no,yes,no,adnidod,100,77,tangent,no,120,[ 0.5375],roc_auc,6.0
701,ward,ridge,yes,no,yes,no,adnidod,100,77,tangent,no,120,[ 0.5325],roc_auc,6.0
702,ward,svc_l1,yes,no,yes,no,adnidod,100,78,correlation,no,120,[ 0.6004902],roc_auc,6.0
703,ward,svc_l2,yes,no,yes,no,adnidod,100,78,correlation,no,120,[ 0.4877451],roc_auc,6.0
704,ward,ridge,yes,no,yes,no,adnidod,100,78,correlation,no,120,[ 0.41911765],roc_auc,6.0
705,ward,svc_l1,yes,no,yes,no,adnidod,100,78,partial correlation,no,120,[ 0.46323529],roc_auc,6.0
706,ward,svc_l2,yes,no,yes,no,adnidod,100,78,partial correlation,no,120,[ 0.53676471],roc_auc,6.0
707,ward,ridge,yes,no,yes,no,adnidod,100,78,partial correlation,no,120,[ 0.53676471],roc_auc,6.0
708,ward,svc_l1,yes,no,yes,no,adnidod,100,78,tangent,no,120,[ 0.52941176],roc_auc,6.0
709,ward,svc_l2,yes,no,yes,no,adnidod,100,78,tangent,no,120,[ 0.55392157],roc_auc,6.0
710,ward,ridge,yes,no,yes,no,adnidod,100,78,tangent,no,120,[ 0.55637255],roc_auc,6.0
711,ward,svc_l1,yes,no,yes,no,adnidod,100,79,correlation,no,120,[ 0.6372549],roc_auc,6.0
712,ward,svc_l2,yes,no,yes,no,adnidod,100,79,correlation,no,120,[ 0.56862745],roc_auc,6.0
713,ward,ridge,yes,no,yes,no,adnidod,100,79,correlation,no,120,[ 0.60294118],roc_auc,6.0
714,ward,svc_l1,yes,no,yes,no,adnidod,100,79,partial correlation,no,120,[ 0.51715686],roc_auc,6.0
715,ward,svc_l2,yes,no,yes,no,adnidod,100,79,partial correlation,no,120,[ 0.4877451],roc_auc,6.0
716,ward,ridge,yes,no,yes,no,adnidod,100,79,partial correlation,no,120,[ 0.48284314],roc_auc,6.0
717,ward,svc_l1,yes,no,yes,no,adnidod,100,79,tangent,no,120,[ 0.48039216],roc_auc,6.0
718,ward,svc_l2,yes,no,yes,no,adnidod,100,79,tangent,no,120,[ 0.54411765],roc_auc,6.0
719,ward,ridge,yes,no,yes,no,adnidod,100,79,tangent,no,120,[ 0.54411765],roc_auc,6.0
720,ward,svc_l1,yes,no,yes,no,adnidod,100,80,correlation,no,120,[ 0.5821256],roc_auc,6.0
721,ward,svc_l2,yes,no,yes,no,adnidod,100,80,correlation,no,120,[ 0.61352657],roc_auc,6.0
722,ward,ridge,yes,no,yes,no,adnidod,100,80,correlation,no,120,[ 0.59903382],roc_auc,6.0
723,ward,svc_l1,yes,no,yes,no,adnidod,100,80,partial correlation,no,120,[ 0.51207729],roc_auc,6.0
724,ward,svc_l2,yes,no,yes,no,adnidod,100,80,partial correlation,no,120,[ 0.58695652],roc_auc,6.0
725,ward,ridge,yes,no,yes,no,adnidod,100,80,partial correlation,no,120,[ 0.58454106],roc_auc,6.0
726,ward,svc_l1,yes,no,yes,no,adnidod,100,80,tangent,no,120,[ 0.57004831],roc_auc,6.0
727,ward,svc_l2,yes,no,yes,no,adnidod,100,80,tangent,no,120,[ 0.57246377],roc_auc,6.0
728,ward,ridge,yes,no,yes,no,adnidod,100,80,tangent,no,120,[ 0.57729469],roc_auc,6.0
729,ward,svc_l1,yes,no,yes,no,adnidod,100,81,correlation,no,120,[ 0.6875],roc_auc,6.0
730,ward,svc_l2,yes,no,yes,no,adnidod,100,81,correlation,no,120,[ 0.68478261],roc_auc,6.0
731,ward,ridge,yes,no,yes,no,adnidod,100,81,correlation,no,120,[ 0.66576087],roc_auc,6.0
732,ward,svc_l1,yes,no,yes,no,adnidod,100,81,partial correlation,no,120,[ 0.7201087],roc_auc,6.0
733,ward,svc_l2,yes,no,yes,no,adnidod,100,81,partial correlation,no,120,[ 0.77173913],roc_auc,6.0
734,ward,ridge,yes,no,yes,no,adnidod,100,81,partial correlation,no,120,[ 0.77173913],roc_auc,6.0
735,ward,svc_l1,yes,no,yes,no,adnidod,100,81,tangent,no,120,[ 0.73097826],roc_auc,6.0
736,ward,svc_l2,yes,no,yes,no,adnidod,100,81,tangent,no,120,[ 0.77445652],roc_auc,6.0
737,ward,ridge,yes,no,yes,no,adnidod,100,81,tangent,no,120,[ 0.77445652],roc_auc,6.0
738,ward,svc_l1,yes,no,yes,no,adnidod,100,82,correlation,no,120,[ 0.4765625],roc_auc,6.0
739,ward,svc_l2,yes,no,yes,no,adnidod,100,82,correlation,no,120,[ 0.5390625],roc_auc,6.0
740,ward,ridge,yes,no,yes,no,adnidod,100,82,correlation,no,120,[ 0.5390625],roc_auc,6.0
741,ward,svc_l1,yes,no,yes,no,adnidod,100,82,partial correlation,no,120,[ 0.56510417],roc_auc,6.0
742,ward,svc_l2,yes,no,yes,no,adnidod,100,82,partial correlation,no,120,[ 0.6328125],roc_auc,6.0
743,ward,ridge,yes,no,yes,no,adnidod,100,82,partial correlation,no,120,[ 0.625],roc_auc,6.0
744,ward,svc_l1,yes,no,yes,no,adnidod,100,82,tangent,no,120,[ 0.48958333],roc_auc,6.0
745,ward,svc_l2,yes,no,yes,no,adnidod,100,82,tangent,no,120,[ 0.50520833],roc_auc,6.0
746,ward,ridge,yes,no,yes,no,adnidod,100,82,tangent,no,120,[ 0.50520833],roc_auc,6.0
747,ward,svc_l1,yes,no,yes,no,adnidod,100,83,correlation,no,120,[ 0.38269231],roc_auc,6.0
748,ward,svc_l2,yes,no,yes,no,adnidod,100,83,correlation,no,120,[ 0.49038462],roc_auc,6.0
749,ward,ridge,yes,no,yes,no,adnidod,100,83,correlation,no,120,[ 0.46346154],roc_auc,6.0
750,ward,svc_l1,yes,no,yes,no,adnidod,100,83,partial correlation,no,120,[ 0.45769231],roc_auc,6.0
751,ward,svc_l2,yes,no,yes,no,adnidod,100,83,partial correlation,no,120,[ 0.52884615],roc_auc,6.0
752,ward,ridge,yes,no,yes,no,adnidod,100,83,partial correlation,no,120,[ 0.52884615],roc_auc,6.0
753,ward,svc_l1,yes,no,yes,no,adnidod,100,83,tangent,no,120,[ 0.41730769],roc_auc,6.0
754,ward,svc_l2,yes,no,yes,no,adnidod,100,83,tangent,no,120,[ 0.49230769],roc_auc,6.0
755,ward,ridge,yes,no,yes,no,adnidod,100,83,tangent,no,120,[ 0.48653846],roc_auc,6.0
756,ward,svc_l1,yes,no,yes,no,adnidod,100,84,correlation,no,120,[ 0.54621849],roc_auc,6.0
757,ward,svc_l2,yes,no,yes,no,adnidod,100,84,correlation,no,120,[ 0.61344538],roc_auc,6.0
758,ward,ridge,yes,no,yes,no,adnidod,100,84,correlation,no,120,[ 0.59663866],roc_auc,6.0
759,ward,svc_l1,yes,no,yes,no,adnidod,100,84,partial correlation,no,120,[ 0.42296919],roc_auc,6.0
760,ward,svc_l2,yes,no,yes,no,adnidod,100,84,partial correlation,no,120,[ 0.63585434],roc_auc,6.0
761,ward,ridge,yes,no,yes,no,adnidod,100,84,partial correlation,no,120,[ 0.63585434],roc_auc,6.0
762,ward,svc_l1,yes,no,yes,no,adnidod,100,84,tangent,no,120,[ 0.72829132],roc_auc,6.0
763,ward,svc_l2,yes,no,yes,no,adnidod,100,84,tangent,no,120,[ 0.66386555],roc_auc,6.0
764,ward,ridge,yes,no,yes,no,adnidod,100,84,tangent,no,120,[ 0.66106443],roc_auc,6.0
765,ward,svc_l1,yes,no,yes,no,adnidod,100,85,correlation,no,120,[ 0.54102564],roc_auc,6.0
766,ward,svc_l2,yes,no,yes,no,adnidod,100,85,correlation,no,120,[ 0.57179487],roc_auc,6.0
767,ward,ridge,yes,no,yes,no,adnidod,100,85,correlation,no,120,[ 0.58717949],roc_auc,6.0
768,ward,svc_l1,yes,no,yes,no,adnidod,100,85,partial correlation,no,120,[ 0.73333333],roc_auc,6.0
769,ward,svc_l2,yes,no,yes,no,adnidod,100,85,partial correlation,no,120,[ 0.66410256],roc_auc,6.0
770,ward,ridge,yes,no,yes,no,adnidod,100,85,partial correlation,no,120,[ 0.66923077],roc_auc,6.0
771,ward,svc_l1,yes,no,yes,no,adnidod,100,85,tangent,no,120,[ 0.51794872],roc_auc,6.0
772,ward,svc_l2,yes,no,yes,no,adnidod,100,85,tangent,no,120,[ 0.66923077],roc_auc,6.0
773,ward,ridge,yes,no,yes,no,adnidod,100,85,tangent,no,120,[ 0.66666667],roc_auc,6.0
774,ward,svc_l1,yes,no,yes,no,adnidod,100,86,correlation,no,120,[ 0.61697723],roc_auc,6.0
775,ward,svc_l2,yes,no,yes,no,adnidod,100,86,correlation,no,120,[ 0.66045549],roc_auc,6.0
776,ward,ridge,yes,no,yes,no,adnidod,100,86,correlation,no,120,[ 0.63768116],roc_auc,6.0
777,ward,svc_l1,yes,no,yes,no,adnidod,100,86,partial correlation,no,120,[ 0.59213251],roc_auc,6.0
778,ward,svc_l2,yes,no,yes,no,adnidod,100,86,partial correlation,no,120,[ 0.58799172],roc_auc,6.0
779,ward,ridge,yes,no,yes,no,adnidod,100,86,partial correlation,no,120,[ 0.59006211],roc_auc,6.0
780,ward,svc_l1,yes,no,yes,no,adnidod,100,86,tangent,no,120,[ 0.65424431],roc_auc,6.0
781,ward,svc_l2,yes,no,yes,no,adnidod,100,86,tangent,no,120,[ 0.70186335],roc_auc,6.0
782,ward,ridge,yes,no,yes,no,adnidod,100,86,tangent,no,120,[ 0.70393375],roc_auc,6.0
783,ward,svc_l1,yes,no,yes,no,adnidod,100,87,correlation,no,120,[ 0.64102564],roc_auc,6.0
784,ward,svc_l2,yes,no,yes,no,adnidod,100,87,correlation,no,120,[ 0.60683761],roc_auc,6.0
785,ward,ridge,yes,no,yes,no,adnidod,100,87,correlation,no,120,[ 0.60683761],roc_auc,6.0
786,ward,svc_l1,yes,no,yes,no,adnidod,100,87,partial correlation,no,120,[ 0.58974359],roc_auc,6.0
787,ward,svc_l2,yes,no,yes,no,adnidod,100,87,partial correlation,no,120,[ 0.47863248],roc_auc,6.0
788,ward,ridge,yes,no,yes,no,adnidod,100,87,partial correlation,no,120,[ 0.47435897],roc_auc,6.0
789,ward,svc_l1,yes,no,yes,no,adnidod,100,87,tangent,no,120,[ 0.6025641],roc_auc,6.0
790,ward,svc_l2,yes,no,yes,no,adnidod,100,87,tangent,no,120,[ 0.51709402],roc_auc,6.0
791,ward,ridge,yes,no,yes,no,adnidod,100,87,tangent,no,120,[ 0.51282051],roc_auc,6.0
792,ward,svc_l1,yes,no,yes,no,adnidod,100,88,correlation,no,120,[ 0.54812834],roc_auc,6.0
793,ward,svc_l2,yes,no,yes,no,adnidod,100,88,correlation,no,120,[ 0.4973262],roc_auc,6.0
794,ward,ridge,yes,no,yes,no,adnidod,100,88,correlation,no,120,[ 0.5026738],roc_auc,6.0
795,ward,svc_l1,yes,no,yes,no,adnidod,100,88,partial correlation,no,120,[ 0.3342246],roc_auc,6.0
796,ward,svc_l2,yes,no,yes,no,adnidod,100,88,partial correlation,no,120,[ 0.46524064],roc_auc,6.0
797,ward,ridge,yes,no,yes,no,adnidod,100,88,partial correlation,no,120,[ 0.45989305],roc_auc,6.0
798,ward,svc_l1,yes,no,yes,no,adnidod,100,88,tangent,no,120,[ 0.52941176],roc_auc,6.0
799,ward,svc_l2,yes,no,yes,no,adnidod,100,88,tangent,no,120,[ 0.53743316],roc_auc,6.0
800,ward,ridge,yes,no,yes,no,adnidod,100,88,tangent,no,120,[ 0.53743316],roc_auc,6.0
801,ward,svc_l1,yes,no,yes,no,adnidod,100,89,correlation,no,120,[ 0.60344828],roc_auc,6.0
802,ward,svc_l2,yes,no,yes,no,adnidod,100,89,correlation,no,120,[ 0.69827586],roc_auc,6.0
803,ward,ridge,yes,no,yes,no,adnidod,100,89,correlation,no,120,[ 0.6637931],roc_auc,6.0
804,ward,svc_l1,yes,no,yes,no,adnidod,100,89,partial correlation,no,120,[ 0.53735632],roc_auc,6.0
805,ward,svc_l2,yes,no,yes,no,adnidod,100,89,partial correlation,no,120,[ 0.69827586],roc_auc,6.0
806,ward,ridge,yes,no,yes,no,adnidod,100,89,partial correlation,no,120,[ 0.68678161],roc_auc,6.0
807,ward,svc_l1,yes,no,yes,no,adnidod,100,89,tangent,no,120,[ 0.56321839],roc_auc,6.0
808,ward,svc_l2,yes,no,yes,no,adnidod,100,89,tangent,no,120,[ 0.72126437],roc_auc,6.0
809,ward,ridge,yes,no,yes,no,adnidod,100,89,tangent,no,120,[ 0.72126437],roc_auc,6.0
810,ward,svc_l1,yes,no,yes,no,adnidod,100,90,correlation,no,120,[ 0.47285068],roc_auc,6.0
811,ward,svc_l2,yes,no,yes,no,adnidod,100,90,correlation,no,120,[ 0.54977376],roc_auc,6.0
812,ward,ridge,yes,no,yes,no,adnidod,100,90,correlation,no,120,[ 0.53846154],roc_auc,6.0
813,ward,svc_l1,yes,no,yes,no,adnidod,100,90,partial correlation,no,120,[ 0.44117647],roc_auc,6.0
814,ward,svc_l2,yes,no,yes,no,adnidod,100,90,partial correlation,no,120,[ 0.5520362],roc_auc,6.0
815,ward,ridge,yes,no,yes,no,adnidod,100,90,partial correlation,no,120,[ 0.5520362],roc_auc,6.0
816,ward,svc_l1,yes,no,yes,no,adnidod,100,90,tangent,no,120,[ 0.45927602],roc_auc,6.0
817,ward,svc_l2,yes,no,yes,no,adnidod,100,90,tangent,no,120,[ 0.56334842],roc_auc,6.0
818,ward,ridge,yes,no,yes,no,adnidod,100,90,tangent,no,120,[ 0.56334842],roc_auc,6.0
819,ward,svc_l1,yes,no,yes,no,adnidod,100,91,correlation,no,120,[ 0.67647059],roc_auc,6.0
820,ward,svc_l2,yes,no,yes,no,adnidod,100,91,correlation,no,120,[ 0.58578431],roc_auc,6.0
821,ward,ridge,yes,no,yes,no,adnidod,100,91,correlation,no,120,[ 0.59313725],roc_auc,6.0
822,ward,svc_l1,yes,no,yes,no,adnidod,100,91,partial correlation,no,120,[ 0.60784314],roc_auc,6.0
823,ward,svc_l2,yes,no,yes,no,adnidod,100,91,partial correlation,no,120,[ 0.58578431],roc_auc,6.0
824,ward,ridge,yes,no,yes,no,adnidod,100,91,partial correlation,no,120,[ 0.59068627],roc_auc,6.0
825,ward,svc_l1,yes,no,yes,no,adnidod,100,91,tangent,no,120,[ 0.44852941],roc_auc,6.0
826,ward,svc_l2,yes,no,yes,no,adnidod,100,91,tangent,no,120,[ 0.49019608],roc_auc,6.0
827,ward,ridge,yes,no,yes,no,adnidod,100,91,tangent,no,120,[ 0.49264706],roc_auc,6.0
828,ward,svc_l1,yes,no,yes,no,adnidod,100,92,correlation,no,120,[ 0.68941176],roc_auc,6.0
829,ward,svc_l2,yes,no,yes,no,adnidod,100,92,correlation,no,120,[ 0.62823529],roc_auc,6.0
830,ward,ridge,yes,no,yes,no,adnidod,100,92,correlation,no,120,[ 0.66352941],roc_auc,6.0
831,ward,svc_l1,yes,no,yes,no,adnidod,100,92,partial correlation,no,120,[ 0.52705882],roc_auc,6.0
832,ward,svc_l2,yes,no,yes,no,adnidod,100,92,partial correlation,no,120,[ 0.68470588],roc_auc,6.0
833,ward,ridge,yes,no,yes,no,adnidod,100,92,partial correlation,no,120,[ 0.67764706],roc_auc,6.0
834,ward,svc_l1,yes,no,yes,no,adnidod,100,92,tangent,no,120,[ 0.46823529],roc_auc,6.0
835,ward,svc_l2,yes,no,yes,no,adnidod,100,92,tangent,no,120,[ 0.63764706],roc_auc,6.0
836,ward,ridge,yes,no,yes,no,adnidod,100,92,tangent,no,120,[ 0.62823529],roc_auc,6.0
837,ward,svc_l1,yes,no,yes,no,adnidod,100,93,correlation,no,120,[ 0.61556064],roc_auc,6.0
838,ward,svc_l2,yes,no,yes,no,adnidod,100,93,correlation,no,120,[ 0.70022883],roc_auc,6.0
839,ward,ridge,yes,no,yes,no,adnidod,100,93,correlation,no,120,[ 0.67734554],roc_auc,6.0
840,ward,svc_l1,yes,no,yes,no,adnidod,100,93,partial correlation,no,120,[ 0.59496568],roc_auc,6.0
841,ward,svc_l2,yes,no,yes,no,adnidod,100,93,partial correlation,no,120,[ 0.58581236],roc_auc,6.0
842,ward,ridge,yes,no,yes,no,adnidod,100,93,partial correlation,no,120,[ 0.58581236],roc_auc,6.0
843,ward,svc_l1,yes,no,yes,no,adnidod,100,93,tangent,no,120,[ 0.42791762],roc_auc,6.0
844,ward,svc_l2,yes,no,yes,no,adnidod,100,93,tangent,no,120,[ 0.62471396],roc_auc,6.0
845,ward,ridge,yes,no,yes,no,adnidod,100,93,tangent,no,120,[ 0.62700229],roc_auc,6.0
846,ward,svc_l1,yes,no,yes,no,adnidod,100,94,correlation,no,120,[ 0.6],roc_auc,6.0
847,ward,svc_l2,yes,no,yes,no,adnidod,100,94,correlation,no,120,[ 0.62619048],roc_auc,6.0
848,ward,ridge,yes,no,yes,no,adnidod,100,94,correlation,no,120,[ 0.60952381],roc_auc,6.0
849,ward,svc_l1,yes,no,yes,no,adnidod,100,94,partial correlation,no,120,[ 0.62380952],roc_auc,6.0
850,ward,svc_l2,yes,no,yes,no,adnidod,100,94,partial correlation,no,120,[ 0.62857143],roc_auc,6.0
851,ward,ridge,yes,no,yes,no,adnidod,100,94,partial correlation,no,120,[ 0.62857143],roc_auc,6.0
852,ward,svc_l1,yes,no,yes,no,adnidod,100,94,tangent,no,120,[ 0.61190476],roc_auc,6.0
853,ward,svc_l2,yes,no,yes,no,adnidod,100,94,tangent,no,120,[ 0.62857143],roc_auc,6.0
854,ward,ridge,yes,no,yes,no,adnidod,100,94,tangent,no,120,[ 0.63095238],roc_auc,6.0
855,ward,svc_l1,yes,no,yes,no,adnidod,100,95,correlation,no,120,[ 0.63701923],roc_auc,6.0
856,ward,svc_l2,yes,no,yes,no,adnidod,100,95,correlation,no,120,[ 0.68990385],roc_auc,6.0
857,ward,ridge,yes,no,yes,no,adnidod,100,95,correlation,no,120,[ 0.65144231],roc_auc,6.0
858,ward,svc_l1,yes,no,yes,no,adnidod,100,95,partial correlation,no,120,[ 0.50721154],roc_auc,6.0
859,ward,svc_l2,yes,no,yes,no,adnidod,100,95,partial correlation,no,120,[ 0.58173077],roc_auc,6.0
860,ward,ridge,yes,no,yes,no,adnidod,100,95,partial correlation,no,120,[ 0.58413462],roc_auc,6.0
861,ward,svc_l1,yes,no,yes,no,adnidod,100,95,tangent,no,120,[ 0.49759615],roc_auc,6.0
862,ward,svc_l2,yes,no,yes,no,adnidod,100,95,tangent,no,120,[ 0.66586538],roc_auc,6.0
863,ward,ridge,yes,no,yes,no,adnidod,100,95,tangent,no,120,[ 0.66346154],roc_auc,6.0
864,ward,svc_l1,yes,no,yes,no,adnidod,100,96,correlation,no,120,[ 0.61784897],roc_auc,6.0
865,ward,svc_l2,yes,no,yes,no,adnidod,100,96,correlation,no,120,[ 0.5423341],roc_auc,6.0
866,ward,ridge,yes,no,yes,no,adnidod,100,96,correlation,no,120,[ 0.53318078],roc_auc,6.0
867,ward,svc_l1,yes,no,yes,no,adnidod,100,96,partial correlation,no,120,[ 0.57665904],roc_auc,6.0
868,ward,svc_l2,yes,no,yes,no,adnidod,100,96,partial correlation,no,120,[ 0.57208238],roc_auc,6.0
869,ward,ridge,yes,no,yes,no,adnidod,100,96,partial correlation,no,120,[ 0.57208238],roc_auc,6.0
870,ward,svc_l1,yes,no,yes,no,adnidod,100,96,tangent,no,120,[ 0.54691076],roc_auc,6.0
871,ward,svc_l2,yes,no,yes,no,adnidod,100,96,tangent,no,120,[ 0.55148741],roc_auc,6.0
872,ward,ridge,yes,no,yes,no,adnidod,100,96,tangent,no,120,[ 0.54691076],roc_auc,6.0
873,ward,svc_l1,yes,no,yes,no,adnidod,100,97,correlation,no,120,[ 0.66346154],roc_auc,6.0
874,ward,svc_l2,yes,no,yes,no,adnidod,100,97,correlation,no,120,[ 0.62259615],roc_auc,6.0
875,ward,ridge,yes,no,yes,no,adnidod,100,97,correlation,no,120,[ 0.62740385],roc_auc,6.0
876,ward,svc_l1,yes,no,yes,no,adnidod,100,97,partial correlation,no,120,[ 0.54567308],roc_auc,6.0
877,ward,svc_l2,yes,no,yes,no,adnidod,100,97,partial correlation,no,120,[ 0.54326923],roc_auc,6.0
878,ward,ridge,yes,no,yes,no,adnidod,100,97,partial correlation,no,120,[ 0.54086538],roc_auc,6.0
879,ward,svc_l1,yes,no,yes,no,adnidod,100,97,tangent,no,120,[ 0.51201923],roc_auc,6.0
880,ward,svc_l2,yes,no,yes,no,adnidod,100,97,tangent,no,120,[ 0.57451923],roc_auc,6.0
881,ward,ridge,yes,no,yes,no,adnidod,100,97,tangent,no,120,[ 0.57692308],roc_auc,6.0
882,ward,svc_l1,yes,no,yes,no,adnidod,100,98,correlation,no,120,[ 0.63157895],roc_auc,6.0
883,ward,svc_l2,yes,no,yes,no,adnidod,100,98,correlation,no,120,[ 0.65263158],roc_auc,6.0
884,ward,ridge,yes,no,yes,no,adnidod,100,98,correlation,no,120,[ 0.62947368],roc_auc,6.0
885,ward,svc_l1,yes,no,yes,no,adnidod,100,98,partial correlation,no,120,[ 0.67368421],roc_auc,6.0
886,ward,svc_l2,yes,no,yes,no,adnidod,100,98,partial correlation,no,120,[ 0.68842105],roc_auc,6.0
887,ward,ridge,yes,no,yes,no,adnidod,100,98,partial correlation,no,120,[ 0.69052632],roc_auc,6.0
888,ward,svc_l1,yes,no,yes,no,adnidod,100,98,tangent,no,120,[ 0.71578947],roc_auc,6.0
889,ward,svc_l2,yes,no,yes,no,adnidod,100,98,tangent,no,120,[ 0.77052632],roc_auc,6.0
890,ward,ridge,yes,no,yes,no,adnidod,100,98,tangent,no,120,[ 0.76842105],roc_auc,6.0
891,ward,svc_l1,yes,no,yes,no,adnidod,100,99,correlation,no,120,[ 0.63636364],roc_auc,6.0
892,ward,svc_l2,yes,no,yes,no,adnidod,100,99,correlation,no,120,[ 0.62396694],roc_auc,6.0
893,ward,ridge,yes,no,yes,no,adnidod,100,99,correlation,no,120,[ 0.60950413],roc_auc,6.0
894,ward,svc_l1,yes,no,yes,no,adnidod,100,99,partial correlation,no,120,[ 0.65495868],roc_auc,6.0
895,ward,svc_l2,yes,no,yes,no,adnidod,100,99,partial correlation,no,120,[ 0.66942149],roc_auc,6.0
896,ward,ridge,yes,no,yes,no,adnidod,100,99,partial correlation,no,120,[ 0.66942149],roc_auc,6.0
897,ward,svc_l1,yes,no,yes,no,adnidod,100,99,tangent,no,120,[ 0.50619835],roc_auc,6.0
898,ward,svc_l2,yes,no,yes,no,adnidod,100,99,tangent,no,120,[ 0.63842975],roc_auc,6.0
899,ward,ridge,yes,no,yes,no,adnidod,100,99,tangent,no,120,[ 0.6322314],roc_auc,6.0
